STRUCTURE,STRUCTURE_ID,STRUCTURE_NAME,freq,Time frequency,isco08,International Standard Classification of Occupations 2008 (ISCO-08),wstatus,Labour force and employment status,worktime,Working time,age,Age class,sex,Sex,unit,Unit of measure,geo,Geopolitical entity (reporting),TIME_PERIOD,Time,OBS_VALUE,Observation value,OBS_FLAG,Observation status (Flag) V2 structure,CONF_STATUS,Confidentiality status (flag)
dataflow,ESTAT:TPS00071(1.0),Hours worked per week of full-time employment,A,Annual,TOTAL,Total,EMP,Employed persons,FT,Full-time,Y15-64,From 15 to 64 years,T,Total,HR,Hour,AT,Austria,2013,,43.1,,,,,
dataflow,ESTAT:TPS00071(1.0),Hours worked per week of full-time employment,A,Annual,TOTAL,Total,EMP,Employed persons,FT,Full-time,Y15-64,From 15 to 64 years,T,Total,HR,Hour,AT,Austria,2014,,42.9,,,,,
dataflow,ESTAT:TPS00071(1.0),Hours worked per week of full-time employment,A,Annual,TOTAL,Total,EMP,Employed persons,FT,Full-time,Y15-64,From 15 to 64 years,T,Total,HR,Hour,AT,Austria,2015,,42.8,,,,,
dataflow,ESTAT:TPS00071(1.0),Hours worked per week of full-time employment,A,Annual,TOTAL,Total,EMP,Employed persons,FT,Full-time,Y15-64,From 15 to 64 years,T,Total,HR,Hour,AT,Austria,2016,,42.8,,,,,
dataflow,ESTAT:TPS00071(1.0),Hours worked per week of full-time employment,A,Annual,TOTAL,Total,EMP,Employed persons,FT,Full-time,Y15-64,From 15 to 64 years,T,Total,HR,Hour,AT,Austria,2017,,42.7,,,,,
dataflow,ESTAT:TPS00071(1.0),Hours worked per week of full-time employment,A,Annual,TOTAL,Total,EMP,Employed persons,FT,Full-time,Y15-64,From 15 to 64 years,T,Total,HR,Hour,AT,Austria,2018,,42.5,,,,,
dataflow,ESTAT:TPS00071(1.0),Hours worked per week of full-time employment,A,Annual,TOTAL,Total,EMP,Employed persons,FT,Full-time,Y15-64,From 15 to 64 years,T,Total,HR,Hour,AT,Austria,2019,,42.3,,,,,
dataflow,ESTAT:TPS00071(1.0),Hours worked per week of full-time employment,A,Annual,TOTAL,Total,EMP,Employed persons,FT,Full-time,Y15-64,From 15 to 64 years,T,Total,HR,Hour,AT,Austria,2020,,42.1,,,,,
dataflow,ESTAT:TPS00071(1.0),Hours worked per week of full-time employment,A,Annual,TOTAL,Total,EMP,Employed persons,FT,Full-time,Y15-64,From 15 to 64 years,T,Total,HR,Hour,AT,Austria,2021,,41.8,,b,break in time series,,
dataflow,ESTAT:TPS00071(1.0),Hours worked per week of full-time employment,A,Annual,TOTAL,Total,EMP,Employed persons,FT,Full-time,Y15-64,From 15 to 64 years,T,Total,HR,Hour,AT,Austria,2022,,41.7,,,,,
dataflow,ESTAT:TPS00071(1.0),Hours worked per week of full-time employment,A,Annual,TOTAL,Total,EMP,Employed persons,FT,Full-time,Y15-64,From 15 to 64 years,T,Total,HR,Hour,AT,Austria,2023,,41.7,,,,,
dataflow,ESTAT:TPS00071(1.0),Hours worked per week of full-time employment,A,Annual,TOTAL,Total,EMP,Employed persons,FT,Full-time,Y15-64,From 15 to 64 years,T,Total,HR,Hour,AT,Austria,2024,,41.6,,,,,
dataflow,ESTAT:TPS00071(1.0),Hours worked per week of full-time employment,A,Annual,TOTAL,Total,EMP,Employed persons,FT,Full-time,Y15-64,From 15 to 64 years,T,Total,HR,Hour,BA,Bosnia and Herzegovina,2021,,42.3,,b,break in time series,,
dataflow,ESTAT:TPS00071(1.0),Hours worked per week of full-time employment,A,Annual,TOTAL,Total,EMP,Employed persons,FT,Full-time,Y15-64,From 15 to 64 years,T,Total,HR,Hour,BA,Bosnia and Herzegovina,2022,,42.4,,,,,
dataflow,ESTAT:TPS00071(1.0),Hours worked per week of full-time employment,A,Annual,TOTAL,Total,EMP,Employed persons,FT,Full-time,Y15-64,From 15 to 64 years,T,Total,HR,Hour,BA,Bosnia and Herzegovina,2023,,42.4,,,,,
dataflow,ESTAT:TPS00071(1.0),Hours worked per week of full-time employment,A,Annual,TOTAL,Total,EMP,Employed persons,FT,Full-time,Y15-64,From 15 to 64 years,T,Total,HR,Hour,BA,Bosnia and Herzegovina,2024,,42.2,,,,,
dataflow,ESTAT:TPS00071(1.0),Hours worked per week of full-time employment,A,Annual,TOTAL,Total,EMP,Employed persons,FT,Full-time,Y15-64,From 15 to 64 years,T,Total,HR,Hour,BE,Belgium,2013,,41.6,,,,,
dataflow,ESTAT:TPS00071(1.0),Hours worked per week of full-time employment,A,Annual,TOTAL,Total,EMP,Employed persons,FT,Full-time,Y15-64,From 15 to 64 years,T,Total,HR,Hour,BE,Belgium,2014,,41.3,,,,,
dataflow,ESTAT:TPS00071(1.0),Hours worked per week of full-time employment,A,Annual,TOTAL,Total,EMP,Employed persons,FT,Full-time,Y15-64,From 15 to 64 years,T,Total,HR,Hour,BE,Belgium,2015,,41.4,,,,,
dataflow,ESTAT:TPS00071(1.0),Hours worked per week of full-time employment,A,Annual,TOTAL,Total,EMP,Employed persons,FT,Full-time,Y15-64,From 15 to 64 years,T,Total,HR,Hour,BE,Belgium,2016,,41.3,,,,,
dataflow,ESTAT:TPS00071(1.0),Hours worked per week of full-time employment,A,Annual,TOTAL,Total,EMP,Employed persons,FT,Full-time,Y15-64,From 15 to 64 years,T,Total,HR,Hour,BE,Belgium,2017,,41.2,,b,break in time series,,
dataflow,ESTAT:TPS00071(1.0),Hours worked per week of full-time employment,A,Annual,TOTAL,Total,EMP,Employed persons,FT,Full-time,Y15-64,From 15 to 64 years,T,Total,HR,Hour,BE,Belgium,2018,,41.0,,,,,
dataflow,ESTAT:TPS00071(1.0),Hours worked per week of full-time employment,A,Annual,TOTAL,Total,EMP,Employed persons,FT,Full-time,Y15-64,From 15 to 64 years,T,Total,HR,Hour,BE,Belgium,2019,,41.1,,,,,
dataflow,ESTAT:TPS00071(1.0),Hours worked per week of full-time employment,A,Annual,TOTAL,Total,EMP,Employed persons,FT,Full-time,Y15-64,From 15 to 64 years,T,Total,HR,Hour,BE,Belgium,2020,,40.9,,,,,
dataflow,ESTAT:TPS00071(1.0),Hours worked per week of full-time employment,A,Annual,TOTAL,Total,EMP,Employed persons,FT,Full-time,Y15-64,From 15 to 64 years,T,Total,HR,Hour,BE,Belgium,2021,,40.5,,b,break in time series,,
dataflow,ESTAT:TPS00071(1.0),Hours worked per week of full-time employment,A,Annual,TOTAL,Total,EMP,Employed persons,FT,Full-time,Y15-64,From 15 to 64 years,T,Total,HR,Hour,BE,Belgium,2022,,40.4,,,,,
dataflow,ESTAT:TPS00071(1.0),Hours worked per week of full-time employment,A,Annual,TOTAL,Total,EMP,Employed persons,FT,Full-time,Y15-64,From 15 to 64 years,T,Total,HR,Hour,BE,Belgium,2023,,40.2,,,,,
dataflow,ESTAT:TPS00071(1.0),Hours worked per week of full-time employment,A,Annual,TOTAL,Total,EMP,Employed persons,FT,Full-time,Y15-64,From 15 to 64 years,T,Total,HR,Hour,BE,Belgium,2024,,40.1,,,,,
dataflow,ESTAT:TPS00071(1.0),Hours worked per week of full-time employment,A,Annual,TOTAL,Total,EMP,Employed persons,FT,Full-time,Y15-64,From 15 to 64 years,T,Total,HR,Hour,BG,Bulgaria,2013,,41.2,,,,,
dataflow,ESTAT:TPS00071(1.0),Hours worked per week of full-time employment,A,Annual,TOTAL,Total,EMP,Employed persons,FT,Full-time,Y15-64,From 15 to 64 years,T,Total,HR,Hour,BG,Bulgaria,2014,,41.2,,,,,
dataflow,ESTAT:TPS00071(1.0),Hours worked per week of full-time employment,A,Annual,TOTAL,Total,EMP,Employed persons,FT,Full-time,Y15-64,From 15 to 64 years,T,Total,HR,Hour,BG,Bulgaria,2015,,41.2,,,,,
dataflow,ESTAT:TPS00071(1.0),Hours worked per week of full-time employment,A,Annual,TOTAL,Total,EMP,Employed persons,FT,Full-time,Y15-64,From 15 to 64 years,T,Total,HR,Hour,BG,Bulgaria,2016,,41.2,,,,,
dataflow,ESTAT:TPS00071(1.0),Hours worked per week of full-time employment,A,Annual,TOTAL,Total,EMP,Employed persons,FT,Full-time,Y15-64,From 15 to 64 years,T,Total,HR,Hour,BG,Bulgaria,2017,,41.1,,,,,
dataflow,ESTAT:TPS00071(1.0),Hours worked per week of full-time employment,A,Annual,TOTAL,Total,EMP,Employed persons,FT,Full-time,Y15-64,From 15 to 64 years,T,Total,HR,Hour,BG,Bulgaria,2018,,41.0,,,,,
dataflow,ESTAT:TPS00071(1.0),Hours worked per week of full-time employment,A,Annual,TOTAL,Total,EMP,Employed persons,FT,Full-time,Y15-64,From 15 to 64 years,T,Total,HR,Hour,BG,Bulgaria,2019,,40.8,,b,break in time series,,
dataflow,ESTAT:TPS00071(1.0),Hours worked per week of full-time employment,A,Annual,TOTAL,Total,EMP,Employed persons,FT,Full-time,Y15-64,From 15 to 64 years,T,Total,HR,Hour,BG,Bulgaria,2020,,40.7,,,,,
dataflow,ESTAT:TPS00071(1.0),Hours worked per week of full-time employment,A,Annual,TOTAL,Total,EMP,Employed persons,FT,Full-time,Y15-64,From 15 to 64 years,T,Total,HR,Hour,BG,Bulgaria,2021,,40.6,,b,break in time series,,
dataflow,ESTAT:TPS00071(1.0),Hours worked per week of full-time employment,A,Annual,TOTAL,Total,EMP,Employed persons,FT,Full-time,Y15-64,From 15 to 64 years,T,Total,HR,Hour,BG,Bulgaria,2022,,40.4,,,,,
dataflow,ESTAT:TPS00071(1.0),Hours worked per week of full-time employment,A,Annual,TOTAL,Total,EMP,Employed persons,FT,Full-time,Y15-64,From 15 to 64 years,T,Total,HR,Hour,BG,Bulgaria,2023,,40.3,,,,,
dataflow,ESTAT:TPS00071(1.0),Hours worked per week of full-time employment,A,Annual,TOTAL,Total,EMP,Employed persons,FT,Full-time,Y15-64,From 15 to 64 years,T,Total,HR,Hour,BG,Bulgaria,2024,,40.2,,b,break in time series,,
dataflow,ESTAT:TPS00071(1.0),Hours worked per week of full-time employment,A,Annual,TOTAL,Total,EMP,Employed persons,FT,Full-time,Y15-64,From 15 to 64 years,T,Total,HR,Hour,CH,Switzerland,2013,,43.0,,,,,
dataflow,ESTAT:TPS00071(1.0),Hours worked per week of full-time employment,A,Annual,TOTAL,Total,EMP,Employed persons,FT,Full-time,Y15-64,From 15 to 64 years,T,Total,HR,Hour,CH,Switzerland,2014,,42.9,,,,,
dataflow,ESTAT:TPS00071(1.0),Hours worked per week of full-time employment,A,Annual,TOTAL,Total,EMP,Employed persons,FT,Full-time,Y15-64,From 15 to 64 years,T,Total,HR,Hour,CH,Switzerland,2015,,42.9,,,,,
dataflow,ESTAT:TPS00071(1.0),Hours worked per week of full-time employment,A,Annual,TOTAL,Total,EMP,Employed persons,FT,Full-time,Y15-64,From 15 to 64 years,T,Total,HR,Hour,CH,Switzerland,2016,,42.9,,,,,
dataflow,ESTAT:TPS00071(1.0),Hours worked per week of full-time employment,A,Annual,TOTAL,Total,EMP,Employed persons,FT,Full-time,Y15-64,From 15 to 64 years,T,Total,HR,Hour,CH,Switzerland,2017,,42.9,,,,,
dataflow,ESTAT:TPS00071(1.0),Hours worked per week of full-time employment,A,Annual,TOTAL,Total,EMP,Employed persons,FT,Full-time,Y15-64,From 15 to 64 years,T,Total,HR,Hour,CH,Switzerland,2018,,42.9,,,,,
dataflow,ESTAT:TPS00071(1.0),Hours worked per week of full-time employment,A,Annual,TOTAL,Total,EMP,Employed persons,FT,Full-time,Y15-64,From 15 to 64 years,T,Total,HR,Hour,CH,Switzerland,2019,,42.8,,,,,
dataflow,ESTAT:TPS00071(1.0),Hours worked per week of full-time employment,A,Annual,TOTAL,Total,EMP,Employed persons,FT,Full-time,Y15-64,From 15 to 64 years,T,Total,HR,Hour,CH,Switzerland,2020,,42.7,,,,,
dataflow,ESTAT:TPS00071(1.0),Hours worked per week of full-time employment,A,Annual,TOTAL,Total,EMP,Employed persons,FT,Full-time,Y15-64,From 15 to 64 years,T,Total,HR,Hour,CH,Switzerland,2021,,43.6,,b,break in time series,,
dataflow,ESTAT:TPS00071(1.0),Hours worked per week of full-time employment,A,Annual,TOTAL,Total,EMP,Employed persons,FT,Full-time,Y15-64,From 15 to 64 years,T,Total,HR,Hour,CH,Switzerland,2022,,43.3,,,,,
dataflow,ESTAT:TPS00071(1.0),Hours worked per week of full-time employment,A,Annual,TOTAL,Total,EMP,Employed persons,FT,Full-time,Y15-64,From 15 to 64 years,T,Total,HR,Hour,CH,Switzerland,2023,,43.3,,,,,
dataflow,ESTAT:TPS00071(1.0),Hours worked per week of full-time employment,A,Annual,TOTAL,Total,EMP,Employed persons,FT,Full-time,Y15-64,From 15 to 64 years,T,Total,HR,Hour,CH,Switzerland,2024,,43.3,,,,,
dataflow,ESTAT:TPS00071(1.0),Hours worked per week of full-time employment,A,Annual,TOTAL,Total,EMP,Employed persons,FT,Full-time,Y15-64,From 15 to 64 years,T,Total,HR,Hour,CY,Cyprus,2013,,42.4,,,,,
dataflow,ESTAT:TPS00071(1.0),Hours worked per week of full-time employment,A,Annual,TOTAL,Total,EMP,Employed persons,FT,Full-time,Y15-64,From 15 to 64 years,T,Total,HR,Hour,CY,Cyprus,2014,,42.3,,,,,
dataflow,ESTAT:TPS00071(1.0),Hours worked per week of full-time employment,A,Annual,TOTAL,Total,EMP,Employed persons,FT,Full-time,Y15-64,From 15 to 64 years,T,Total,HR,Hour,CY,Cyprus,2015,,42.3,,,,,
dataflow,ESTAT:TPS00071(1.0),Hours worked per week of full-time employment,A,Annual,TOTAL,Total,EMP,Employed persons,FT,Full-time,Y15-64,From 15 to 64 years,T,Total,HR,Hour,CY,Cyprus,2016,,42.2,,,,,
dataflow,ESTAT:TPS00071(1.0),Hours worked per week of full-time employment,A,Annual,TOTAL,Total,EMP,Employed persons,FT,Full-time,Y15-64,From 15 to 64 years,T,Total,HR,Hour,CY,Cyprus,2017,,41.9,,,,,
dataflow,ESTAT:TPS00071(1.0),Hours worked per week of full-time employment,A,Annual,TOTAL,Total,EMP,Employed persons,FT,Full-time,Y15-64,From 15 to 64 years,T,Total,HR,Hour,CY,Cyprus,2018,,41.6,,,,,
dataflow,ESTAT:TPS00071(1.0),Hours worked per week of full-time employment,A,Annual,TOTAL,Total,EMP,Employed persons,FT,Full-time,Y15-64,From 15 to 64 years,T,Total,HR,Hour,CY,Cyprus,2019,,41.6,,,,,
dataflow,ESTAT:TPS00071(1.0),Hours worked per week of full-time employment,A,Annual,TOTAL,Total,EMP,Employed persons,FT,Full-time,Y15-64,From 15 to 64 years,T,Total,HR,Hour,CY,Cyprus,2020,,41.3,,,,,
dataflow,ESTAT:TPS00071(1.0),Hours worked per week of full-time employment,A,Annual,TOTAL,Total,EMP,Employed persons,FT,Full-time,Y15-64,From 15 to 64 years,T,Total,HR,Hour,CY,Cyprus,2021,,41.3,,b,break in time series,,
dataflow,ESTAT:TPS00071(1.0),Hours worked per week of full-time employment,A,Annual,TOTAL,Total,EMP,Employed persons,FT,Full-time,Y15-64,From 15 to 64 years,T,Total,HR,Hour,CY,Cyprus,2022,,41.5,,,,,
dataflow,ESTAT:TPS00071(1.0),Hours worked per week of full-time employment,A,Annual,TOTAL,Total,EMP,Employed persons,FT,Full-time,Y15-64,From 15 to 64 years,T,Total,HR,Hour,CY,Cyprus,2023,,41.6,,,,,
dataflow,ESTAT:TPS00071(1.0),Hours worked per week of full-time employment,A,Annual,TOTAL,Total,EMP,Employed persons,FT,Full-time,Y15-64,From 15 to 64 years,T,Total,HR,Hour,CY,Cyprus,2024,,41.6,,,,,
dataflow,ESTAT:TPS00071(1.0),Hours worked per week of full-time employment,A,Annual,TOTAL,Total,EMP,Employed persons,FT,Full-time,Y15-64,From 15 to 64 years,T,Total,HR,Hour,CZ,Czechia,2013,,41.9,,,,,
dataflow,ESTAT:TPS00071(1.0),Hours worked per week of full-time employment,A,Annual,TOTAL,Total,EMP,Employed persons,FT,Full-time,Y15-64,From 15 to 64 years,T,Total,HR,Hour,CZ,Czechia,2014,,41.8,,,,,
dataflow,ESTAT:TPS00071(1.0),Hours worked per week of full-time employment,A,Annual,TOTAL,Total,EMP,Employed persons,FT,Full-time,Y15-64,From 15 to 64 years,T,Total,HR,Hour,CZ,Czechia,2015,,41.8,,,,,
dataflow,ESTAT:TPS00071(1.0),Hours worked per week of full-time employment,A,Annual,TOTAL,Total,EMP,Employed persons,FT,Full-time,Y15-64,From 15 to 64 years,T,Total,HR,Hour,CZ,Czechia,2016,,41.7,,,,,
dataflow,ESTAT:TPS00071(1.0),Hours worked per week of full-time employment,A,Annual,TOTAL,Total,EMP,Employed persons,FT,Full-time,Y15-64,From 15 to 64 years,T,Total,HR,Hour,CZ,Czechia,2017,,41.7,,,,,
dataflow,ESTAT:TPS00071(1.0),Hours worked per week of full-time employment,A,Annual,TOTAL,Total,EMP,Employed persons,FT,Full-time,Y15-64,From 15 to 64 years,T,Total,HR,Hour,CZ,Czechia,2018,,41.7,,,,,
dataflow,ESTAT:TPS00071(1.0),Hours worked per week of full-time employment,A,Annual,TOTAL,Total,EMP,Employed persons,FT,Full-time,Y15-64,From 15 to 64 years,T,Total,HR,Hour,CZ,Czechia,2019,,41.5,,,,,
dataflow,ESTAT:TPS00071(1.0),Hours worked per week of full-time employment,A,Annual,TOTAL,Total,EMP,Employed persons,FT,Full-time,Y15-64,From 15 to 64 years,T,Total,HR,Hour,CZ,Czechia,2020,,41.3,,,,,
dataflow,ESTAT:TPS00071(1.0),Hours worked per week of full-time employment,A,Annual,TOTAL,Total,EMP,Employed persons,FT,Full-time,Y15-64,From 15 to 64 years,T,Total,HR,Hour,CZ,Czechia,2021,,40.7,,b,break in time series,,
dataflow,ESTAT:TPS00071(1.0),Hours worked per week of full-time employment,A,Annual,TOTAL,Total,EMP,Employed persons,FT,Full-time,Y15-64,From 15 to 64 years,T,Total,HR,Hour,CZ,Czechia,2022,,40.9,,,,,
dataflow,ESTAT:TPS00071(1.0),Hours worked per week of full-time employment,A,Annual,TOTAL,Total,EMP,Employed persons,FT,Full-time,Y15-64,From 15 to 64 years,T,Total,HR,Hour,CZ,Czechia,2023,,40.8,,,,,
dataflow,ESTAT:TPS00071(1.0),Hours worked per week of full-time employment,A,Annual,TOTAL,Total,EMP,Employed persons,FT,Full-time,Y15-64,From 15 to 64 years,T,Total,HR,Hour,CZ,Czechia,2024,,40.8,,,,,
dataflow,ESTAT:TPS00071(1.0),Hours worked per week of full-time employment,A,Annual,TOTAL,Total,EMP,Employed persons,FT,Full-time,Y15-64,From 15 to 64 years,T,Total,HR,Hour,DE,Germany,2013,,41.6,,,,,
dataflow,ESTAT:TPS00071(1.0),Hours worked per week of full-time employment,A,Annual,TOTAL,Total,EMP,Employed persons,FT,Full-time,Y15-64,From 15 to 64 years,T,Total,HR,Hour,DE,Germany,2014,,41.5,,,,,
dataflow,ESTAT:TPS00071(1.0),Hours worked per week of full-time employment,A,Annual,TOTAL,Total,EMP,Employed persons,FT,Full-time,Y15-64,From 15 to 64 years,T,Total,HR,Hour,DE,Germany,2015,,41.4,,,,,
dataflow,ESTAT:TPS00071(1.0),Hours worked per week of full-time employment,A,Annual,TOTAL,Total,EMP,Employed persons,FT,Full-time,Y15-64,From 15 to 64 years,T,Total,HR,Hour,DE,Germany,2016,,41.3,,,,,
dataflow,ESTAT:TPS00071(1.0),Hours worked per week of full-time employment,A,Annual,TOTAL,Total,EMP,Employed persons,FT,Full-time,Y15-64,From 15 to 64 years,T,Total,HR,Hour,DE,Germany,2017,,41.1,,,,,
dataflow,ESTAT:TPS00071(1.0),Hours worked per week of full-time employment,A,Annual,TOTAL,Total,EMP,Employed persons,FT,Full-time,Y15-64,From 15 to 64 years,T,Total,HR,Hour,DE,Germany,2018,,41.0,,,,,
dataflow,ESTAT:TPS00071(1.0),Hours worked per week of full-time employment,A,Annual,TOTAL,Total,EMP,Employed persons,FT,Full-time,Y15-64,From 15 to 64 years,T,Total,HR,Hour,DE,Germany,2019,,40.9,,,,,
dataflow,ESTAT:TPS00071(1.0),Hours worked per week of full-time employment,A,Annual,TOTAL,Total,EMP,Employed persons,FT,Full-time,Y15-64,From 15 to 64 years,T,Total,HR,Hour,DE,Germany,2020,,40.5,,b,break in time series,,
dataflow,ESTAT:TPS00071(1.0),Hours worked per week of full-time employment,A,Annual,TOTAL,Total,EMP,Employed persons,FT,Full-time,Y15-64,From 15 to 64 years,T,Total,HR,Hour,DE,Germany,2021,,40.5,,b,break in time series,,
dataflow,ESTAT:TPS00071(1.0),Hours worked per week of full-time employment,A,Annual,TOTAL,Total,EMP,Employed persons,FT,Full-time,Y15-64,From 15 to 64 years,T,Total,HR,Hour,DE,Germany,2022,,40.5,,,,,
dataflow,ESTAT:TPS00071(1.0),Hours worked per week of full-time employment,A,Annual,TOTAL,Total,EMP,Employed persons,FT,Full-time,Y15-64,From 15 to 64 years,T,Total,HR,Hour,DE,Germany,2023,,40.2,,,,,
dataflow,ESTAT:TPS00071(1.0),Hours worked per week of full-time employment,A,Annual,TOTAL,Total,EMP,Employed persons,FT,Full-time,Y15-64,From 15 to 64 years,T,Total,HR,Hour,DE,Germany,2024,,40.2,,,,,
dataflow,ESTAT:TPS00071(1.0),Hours worked per week of full-time employment,A,Annual,TOTAL,Total,EMP,Employed persons,FT,Full-time,Y15-64,From 15 to 64 years,T,Total,HR,Hour,DK,Denmark,2013,,38.7,,,,,
dataflow,ESTAT:TPS00071(1.0),Hours worked per week of full-time employment,A,Annual,TOTAL,Total,EMP,Employed persons,FT,Full-time,Y15-64,From 15 to 64 years,T,Total,HR,Hour,DK,Denmark,2014,,38.8,,,,,
dataflow,ESTAT:TPS00071(1.0),Hours worked per week of full-time employment,A,Annual,TOTAL,Total,EMP,Employed persons,FT,Full-time,Y15-64,From 15 to 64 years,T,Total,HR,Hour,DK,Denmark,2015,,38.9,,,,,
dataflow,ESTAT:TPS00071(1.0),Hours worked per week of full-time employment,A,Annual,TOTAL,Total,EMP,Employed persons,FT,Full-time,Y15-64,From 15 to 64 years,T,Total,HR,Hour,DK,Denmark,2016,,38.7,,b,break in time series,,
dataflow,ESTAT:TPS00071(1.0),Hours worked per week of full-time employment,A,Annual,TOTAL,Total,EMP,Employed persons,FT,Full-time,Y15-64,From 15 to 64 years,T,Total,HR,Hour,DK,Denmark,2017,,38.7,,b,break in time series,,
dataflow,ESTAT:TPS00071(1.0),Hours worked per week of full-time employment,A,Annual,TOTAL,Total,EMP,Employed persons,FT,Full-time,Y15-64,From 15 to 64 years,T,Total,HR,Hour,DK,Denmark,2018,,38.5,,,,,
dataflow,ESTAT:TPS00071(1.0),Hours worked per week of full-time employment,A,Annual,TOTAL,Total,EMP,Employed persons,FT,Full-time,Y15-64,From 15 to 64 years,T,Total,HR,Hour,DK,Denmark,2019,,38.3,,,,,
dataflow,ESTAT:TPS00071(1.0),Hours worked per week of full-time employment,A,Annual,TOTAL,Total,EMP,Employed persons,FT,Full-time,Y15-64,From 15 to 64 years,T,Total,HR,Hour,DK,Denmark,2020,,38.3,,,,,
dataflow,ESTAT:TPS00071(1.0),Hours worked per week of full-time employment,A,Annual,TOTAL,Total,EMP,Employed persons,FT,Full-time,Y15-64,From 15 to 64 years,T,Total,HR,Hour,DK,Denmark,2021,,39.3,,b,break in time series,,
dataflow,ESTAT:TPS00071(1.0),Hours worked per week of full-time employment,A,Annual,TOTAL,Total,EMP,Employed persons,FT,Full-time,Y15-64,From 15 to 64 years,T,Total,HR,Hour,DK,Denmark,2022,,39.1,,,,,
dataflow,ESTAT:TPS00071(1.0),Hours worked per week of full-time employment,A,Annual,TOTAL,Total,EMP,Employed persons,FT,Full-time,Y15-64,From 15 to 64 years,T,Total,HR,Hour,DK,Denmark,2023,,38.9,,b,break in time series,,
dataflow,ESTAT:TPS00071(1.0),Hours worked per week of full-time employment,A,Annual,TOTAL,Total,EMP,Employed persons,FT,Full-time,Y15-64,From 15 to 64 years,T,Total,HR,Hour,DK,Denmark,2024,,38.7,,,,,
dataflow,ESTAT:TPS00071(1.0),Hours worked per week of full-time employment,A,Annual,TOTAL,Total,EMP,Employed persons,FT,Full-time,Y15-64,From 15 to 64 years,T,Total,HR,Hour,EA20,Euro area – 20 countries (from 2023),2013,,41.3,,,,,
dataflow,ESTAT:TPS00071(1.0),Hours worked per week of full-time employment,A,Annual,TOTAL,Total,EMP,Employed persons,FT,Full-time,Y15-64,From 15 to 64 years,T,Total,HR,Hour,EA20,Euro area – 20 countries (from 2023),2014,,41.2,,,,,
dataflow,ESTAT:TPS00071(1.0),Hours worked per week of full-time employment,A,Annual,TOTAL,Total,EMP,Employed persons,FT,Full-time,Y15-64,From 15 to 64 years,T,Total,HR,Hour,EA20,Euro area – 20 countries (from 2023),2015,,41.1,,,,,
dataflow,ESTAT:TPS00071(1.0),Hours worked per week of full-time employment,A,Annual,TOTAL,Total,EMP,Employed persons,FT,Full-time,Y15-64,From 15 to 64 years,T,Total,HR,Hour,EA20,Euro area – 20 countries (from 2023),2016,,41.1,,,,,
dataflow,ESTAT:TPS00071(1.0),Hours worked per week of full-time employment,A,Annual,TOTAL,Total,EMP,Employed persons,FT,Full-time,Y15-64,From 15 to 64 years,T,Total,HR,Hour,EA20,Euro area – 20 countries (from 2023),2017,,41.0,,,,,
dataflow,ESTAT:TPS00071(1.0),Hours worked per week of full-time employment,A,Annual,TOTAL,Total,EMP,Employed persons,FT,Full-time,Y15-64,From 15 to 64 years,T,Total,HR,Hour,EA20,Euro area – 20 countries (from 2023),2018,,40.9,,,,,
dataflow,ESTAT:TPS00071(1.0),Hours worked per week of full-time employment,A,Annual,TOTAL,Total,EMP,Employed persons,FT,Full-time,Y15-64,From 15 to 64 years,T,Total,HR,Hour,EA20,Euro area – 20 countries (from 2023),2019,,40.9,,,,,
dataflow,ESTAT:TPS00071(1.0),Hours worked per week of full-time employment,A,Annual,TOTAL,Total,EMP,Employed persons,FT,Full-time,Y15-64,From 15 to 64 years,T,Total,HR,Hour,EA20,Euro area – 20 countries (from 2023),2020,,40.6,,,,,
dataflow,ESTAT:TPS00071(1.0),Hours worked per week of full-time employment,A,Annual,TOTAL,Total,EMP,Employed persons,FT,Full-time,Y15-64,From 15 to 64 years,T,Total,HR,Hour,EA20,Euro area – 20 countries (from 2023),2021,,40.4,,b,break in time series,,
dataflow,ESTAT:TPS00071(1.0),Hours worked per week of full-time employment,A,Annual,TOTAL,Total,EMP,Employed persons,FT,Full-time,Y15-64,From 15 to 64 years,T,Total,HR,Hour,EA20,Euro area – 20 countries (from 2023),2022,,40.4,,,,,
dataflow,ESTAT:TPS00071(1.0),Hours worked per week of full-time employment,A,Annual,TOTAL,Total,EMP,Employed persons,FT,Full-time,Y15-64,From 15 to 64 years,T,Total,HR,Hour,EA20,Euro area – 20 countries (from 2023),2023,,40.3,,,,,
dataflow,ESTAT:TPS00071(1.0),Hours worked per week of full-time employment,A,Annual,TOTAL,Total,EMP,Employed persons,FT,Full-time,Y15-64,From 15 to 64 years,T,Total,HR,Hour,EA20,Euro area – 20 countries (from 2023),2024,,40.2,,,,,
dataflow,ESTAT:TPS00071(1.0),Hours worked per week of full-time employment,A,Annual,TOTAL,Total,EMP,Employed persons,FT,Full-time,Y15-64,From 15 to 64 years,T,Total,HR,Hour,EE,Estonia,2013,,40.8,,,,,
dataflow,ESTAT:TPS00071(1.0),Hours worked per week of full-time employment,A,Annual,TOTAL,Total,EMP,Employed persons,FT,Full-time,Y15-64,From 15 to 64 years,T,Total,HR,Hour,EE,Estonia,2014,,40.8,,,,,
dataflow,ESTAT:TPS00071(1.0),Hours worked per week of full-time employment,A,Annual,TOTAL,Total,EMP,Employed persons,FT,Full-time,Y15-64,From 15 to 64 years,T,Total,HR,Hour,EE,Estonia,2015,,40.8,,,,,
dataflow,ESTAT:TPS00071(1.0),Hours worked per week of full-time employment,A,Annual,TOTAL,Total,EMP,Employed persons,FT,Full-time,Y15-64,From 15 to 64 years,T,Total,HR,Hour,EE,Estonia,2016,,40.6,,,,,
dataflow,ESTAT:TPS00071(1.0),Hours worked per week of full-time employment,A,Annual,TOTAL,Total,EMP,Employed persons,FT,Full-time,Y15-64,From 15 to 64 years,T,Total,HR,Hour,EE,Estonia,2017,,40.5,,,,,
dataflow,ESTAT:TPS00071(1.0),Hours worked per week of full-time employment,A,Annual,TOTAL,Total,EMP,Employed persons,FT,Full-time,Y15-64,From 15 to 64 years,T,Total,HR,Hour,EE,Estonia,2018,,40.6,,,,,
dataflow,ESTAT:TPS00071(1.0),Hours worked per week of full-time employment,A,Annual,TOTAL,Total,EMP,Employed persons,FT,Full-time,Y15-64,From 15 to 64 years,T,Total,HR,Hour,EE,Estonia,2019,,40.5,,,,,
dataflow,ESTAT:TPS00071(1.0),Hours worked per week of full-time employment,A,Annual,TOTAL,Total,EMP,Employed persons,FT,Full-time,Y15-64,From 15 to 64 years,T,Total,HR,Hour,EE,Estonia,2020,,40.4,,,,,
dataflow,ESTAT:TPS00071(1.0),Hours worked per week of full-time employment,A,Annual,TOTAL,Total,EMP,Employed persons,FT,Full-time,Y15-64,From 15 to 64 years,T,Total,HR,Hour,EE,Estonia,2021,,40.2,,b,break in time series,,
dataflow,ESTAT:TPS00071(1.0),Hours worked per week of full-time employment,A,Annual,TOTAL,Total,EMP,Employed persons,FT,Full-time,Y15-64,From 15 to 64 years,T,Total,HR,Hour,EE,Estonia,2022,,40.1,,,,,
dataflow,ESTAT:TPS00071(1.0),Hours worked per week of full-time employment,A,Annual,TOTAL,Total,EMP,Employed persons,FT,Full-time,Y15-64,From 15 to 64 years,T,Total,HR,Hour,EE,Estonia,2023,,40.1,,,,,
dataflow,ESTAT:TPS00071(1.0),Hours worked per week of full-time employment,A,Annual,TOTAL,Total,EMP,Employed persons,FT,Full-time,Y15-64,From 15 to 64 years,T,Total,HR,Hour,EE,Estonia,2024,,40.1,,,,,
dataflow,ESTAT:TPS00071(1.0),Hours worked per week of full-time employment,A,Annual,TOTAL,Total,EMP,Employed persons,FT,Full-time,Y15-64,From 15 to 64 years,T,Total,HR,Hour,EL,Greece,2013,,44.1,,,,,
dataflow,ESTAT:TPS00071(1.0),Hours worked per week of full-time employment,A,Annual,TOTAL,Total,EMP,Employed persons,FT,Full-time,Y15-64,From 15 to 64 years,T,Total,HR,Hour,EL,Greece,2014,,44.2,,,,,
dataflow,ESTAT:TPS00071(1.0),Hours worked per week of full-time employment,A,Annual,TOTAL,Total,EMP,Employed persons,FT,Full-time,Y15-64,From 15 to 64 years,T,Total,HR,Hour,EL,Greece,2015,,44.4,,,,,
dataflow,ESTAT:TPS00071(1.0),Hours worked per week of full-time employment,A,Annual,TOTAL,Total,EMP,Employed persons,FT,Full-time,Y15-64,From 15 to 64 years,T,Total,HR,Hour,EL,Greece,2016,,44.6,,,,,
dataflow,ESTAT:TPS00071(1.0),Hours worked per week of full-time employment,A,Annual,TOTAL,Total,EMP,Employed persons,FT,Full-time,Y15-64,From 15 to 64 years,T,Total,HR,Hour,EL,Greece,2017,,44.3,,,,,
dataflow,ESTAT:TPS00071(1.0),Hours worked per week of full-time employment,A,Annual,TOTAL,Total,EMP,Employed persons,FT,Full-time,Y15-64,From 15 to 64 years,T,Total,HR,Hour,EL,Greece,2018,,44.1,,,,,
dataflow,ESTAT:TPS00071(1.0),Hours worked per week of full-time employment,A,Annual,TOTAL,Total,EMP,Employed persons,FT,Full-time,Y15-64,From 15 to 64 years,T,Total,HR,Hour,EL,Greece,2019,,43.8,,,,,
dataflow,ESTAT:TPS00071(1.0),Hours worked per week of full-time employment,A,Annual,TOTAL,Total,EMP,Employed persons,FT,Full-time,Y15-64,From 15 to 64 years,T,Total,HR,Hour,EL,Greece,2020,,43.7,,,,,
dataflow,ESTAT:TPS00071(1.0),Hours worked per week of full-time employment,A,Annual,TOTAL,Total,EMP,Employed persons,FT,Full-time,Y15-64,From 15 to 64 years,T,Total,HR,Hour,EL,Greece,2021,,43.2,,b,break in time series,,
dataflow,ESTAT:TPS00071(1.0),Hours worked per week of full-time employment,A,Annual,TOTAL,Total,EMP,Employed persons,FT,Full-time,Y15-64,From 15 to 64 years,T,Total,HR,Hour,EL,Greece,2022,,42.7,,,,,
dataflow,ESTAT:TPS00071(1.0),Hours worked per week of full-time employment,A,Annual,TOTAL,Total,EMP,Employed persons,FT,Full-time,Y15-64,From 15 to 64 years,T,Total,HR,Hour,EL,Greece,2023,,42.4,,,,,
dataflow,ESTAT:TPS00071(1.0),Hours worked per week of full-time employment,A,Annual,TOTAL,Total,EMP,Employed persons,FT,Full-time,Y15-64,From 15 to 64 years,T,Total,HR,Hour,EL,Greece,2024,,42.3,,,,,
dataflow,ESTAT:TPS00071(1.0),Hours worked per week of full-time employment,A,Annual,TOTAL,Total,EMP,Employed persons,FT,Full-time,Y15-64,From 15 to 64 years,T,Total,HR,Hour,ES,Spain,2013,,41.7,,,,,
dataflow,ESTAT:TPS00071(1.0),Hours worked per week of full-time employment,A,Annual,TOTAL,Total,EMP,Employed persons,FT,Full-time,Y15-64,From 15 to 64 years,T,Total,HR,Hour,ES,Spain,2014,,41.6,,,,,
dataflow,ESTAT:TPS00071(1.0),Hours worked per week of full-time employment,A,Annual,TOTAL,Total,EMP,Employed persons,FT,Full-time,Y15-64,From 15 to 64 years,T,Total,HR,Hour,ES,Spain,2015,,41.4,,,,,
dataflow,ESTAT:TPS00071(1.0),Hours worked per week of full-time employment,A,Annual,TOTAL,Total,EMP,Employed persons,FT,Full-time,Y15-64,From 15 to 64 years,T,Total,HR,Hour,ES,Spain,2016,,41.2,,,,,
dataflow,ESTAT:TPS00071(1.0),Hours worked per week of full-time employment,A,Annual,TOTAL,Total,EMP,Employed persons,FT,Full-time,Y15-64,From 15 to 64 years,T,Total,HR,Hour,ES,Spain,2017,,41.0,,,,,
dataflow,ESTAT:TPS00071(1.0),Hours worked per week of full-time employment,A,Annual,TOTAL,Total,EMP,Employed persons,FT,Full-time,Y15-64,From 15 to 64 years,T,Total,HR,Hour,ES,Spain,2018,,40.9,,,,,
dataflow,ESTAT:TPS00071(1.0),Hours worked per week of full-time employment,A,Annual,TOTAL,Total,EMP,Employed persons,FT,Full-time,Y15-64,From 15 to 64 years,T,Total,HR,Hour,ES,Spain,2019,,40.6,,,,,
dataflow,ESTAT:TPS00071(1.0),Hours worked per week of full-time employment,A,Annual,TOTAL,Total,EMP,Employed persons,FT,Full-time,Y15-64,From 15 to 64 years,T,Total,HR,Hour,ES,Spain,2020,,40.4,,,,,
dataflow,ESTAT:TPS00071(1.0),Hours worked per week of full-time employment,A,Annual,TOTAL,Total,EMP,Employed persons,FT,Full-time,Y15-64,From 15 to 64 years,T,Total,HR,Hour,ES,Spain,2021,,40.2,,bd,"break in time series, definition differs (see metadata)",,
dataflow,ESTAT:TPS00071(1.0),Hours worked per week of full-time employment,A,Annual,TOTAL,Total,EMP,Employed persons,FT,Full-time,Y15-64,From 15 to 64 years,T,Total,HR,Hour,ES,Spain,2022,,40.4,,d,definition differs (see metadata),,
dataflow,ESTAT:TPS00071(1.0),Hours worked per week of full-time employment,A,Annual,TOTAL,Total,EMP,Employed persons,FT,Full-time,Y15-64,From 15 to 64 years,T,Total,HR,Hour,ES,Spain,2023,,40.3,,d,definition differs (see metadata),,
dataflow,ESTAT:TPS00071(1.0),Hours worked per week of full-time employment,A,Annual,TOTAL,Total,EMP,Employed persons,FT,Full-time,Y15-64,From 15 to 64 years,T,Total,HR,Hour,ES,Spain,2024,,40.2,,d,definition differs (see metadata),,
dataflow,ESTAT:TPS00071(1.0),Hours worked per week of full-time employment,A,Annual,TOTAL,Total,EMP,Employed persons,FT,Full-time,Y15-64,From 15 to 64 years,T,Total,HR,Hour,EU27_2020,European Union - 27 countries (from 2020),2013,,41.3,,,,,
dataflow,ESTAT:TPS00071(1.0),Hours worked per week of full-time employment,A,Annual,TOTAL,Total,EMP,Employed persons,FT,Full-time,Y15-64,From 15 to 64 years,T,Total,HR,Hour,EU27_2020,European Union - 27 countries (from 2020),2014,,41.3,,,,,
dataflow,ESTAT:TPS00071(1.0),Hours worked per week of full-time employment,A,Annual,TOTAL,Total,EMP,Employed persons,FT,Full-time,Y15-64,From 15 to 64 years,T,Total,HR,Hour,EU27_2020,European Union - 27 countries (from 2020),2015,,41.2,,,,,
dataflow,ESTAT:TPS00071(1.0),Hours worked per week of full-time employment,A,Annual,TOTAL,Total,EMP,Employed persons,FT,Full-time,Y15-64,From 15 to 64 years,T,Total,HR,Hour,EU27_2020,European Union - 27 countries (from 2020),2016,,41.1,,,,,
dataflow,ESTAT:TPS00071(1.0),Hours worked per week of full-time employment,A,Annual,TOTAL,Total,EMP,Employed persons,FT,Full-time,Y15-64,From 15 to 64 years,T,Total,HR,Hour,EU27_2020,European Union - 27 countries (from 2020),2017,,41.0,,,,,
dataflow,ESTAT:TPS00071(1.0),Hours worked per week of full-time employment,A,Annual,TOTAL,Total,EMP,Employed persons,FT,Full-time,Y15-64,From 15 to 64 years,T,Total,HR,Hour,EU27_2020,European Union - 27 countries (from 2020),2018,,41.0,,,,,
dataflow,ESTAT:TPS00071(1.0),Hours worked per week of full-time employment,A,Annual,TOTAL,Total,EMP,Employed persons,FT,Full-time,Y15-64,From 15 to 64 years,T,Total,HR,Hour,EU27_2020,European Union - 27 countries (from 2020),2019,,40.9,,,,,
dataflow,ESTAT:TPS00071(1.0),Hours worked per week of full-time employment,A,Annual,TOTAL,Total,EMP,Employed persons,FT,Full-time,Y15-64,From 15 to 64 years,T,Total,HR,Hour,EU27_2020,European Union - 27 countries (from 2020),2020,,40.6,,,,,
dataflow,ESTAT:TPS00071(1.0),Hours worked per week of full-time employment,A,Annual,TOTAL,Total,EMP,Employed persons,FT,Full-time,Y15-64,From 15 to 64 years,T,Total,HR,Hour,EU27_2020,European Union - 27 countries (from 2020),2021,,40.5,,b,break in time series,,
dataflow,ESTAT:TPS00071(1.0),Hours worked per week of full-time employment,A,Annual,TOTAL,Total,EMP,Employed persons,FT,Full-time,Y15-64,From 15 to 64 years,T,Total,HR,Hour,EU27_2020,European Union - 27 countries (from 2020),2022,,40.5,,,,,
dataflow,ESTAT:TPS00071(1.0),Hours worked per week of full-time employment,A,Annual,TOTAL,Total,EMP,Employed persons,FT,Full-time,Y15-64,From 15 to 64 years,T,Total,HR,Hour,EU27_2020,European Union - 27 countries (from 2020),2023,,40.4,,,,,
dataflow,ESTAT:TPS00071(1.0),Hours worked per week of full-time employment,A,Annual,TOTAL,Total,EMP,Employed persons,FT,Full-time,Y15-64,From 15 to 64 years,T,Total,HR,Hour,EU27_2020,European Union - 27 countries (from 2020),2024,,40.3,,,,,
dataflow,ESTAT:TPS00071(1.0),Hours worked per week of full-time employment,A,Annual,TOTAL,Total,EMP,Employed persons,FT,Full-time,Y15-64,From 15 to 64 years,T,Total,HR,Hour,FI,Finland,2013,,40.0,,,,,
dataflow,ESTAT:TPS00071(1.0),Hours worked per week of full-time employment,A,Annual,TOTAL,Total,EMP,Employed persons,FT,Full-time,Y15-64,From 15 to 64 years,T,Total,HR,Hour,FI,Finland,2014,,40.0,,,,,
dataflow,ESTAT:TPS00071(1.0),Hours worked per week of full-time employment,A,Annual,TOTAL,Total,EMP,Employed persons,FT,Full-time,Y15-64,From 15 to 64 years,T,Total,HR,Hour,FI,Finland,2015,,40.0,,,,,
dataflow,ESTAT:TPS00071(1.0),Hours worked per week of full-time employment,A,Annual,TOTAL,Total,EMP,Employed persons,FT,Full-time,Y15-64,From 15 to 64 years,T,Total,HR,Hour,FI,Finland,2016,,40.1,,,,,
dataflow,ESTAT:TPS00071(1.0),Hours worked per week of full-time employment,A,Annual,TOTAL,Total,EMP,Employed persons,FT,Full-time,Y15-64,From 15 to 64 years,T,Total,HR,Hour,FI,Finland,2017,,40.1,,,,,
dataflow,ESTAT:TPS00071(1.0),Hours worked per week of full-time employment,A,Annual,TOTAL,Total,EMP,Employed persons,FT,Full-time,Y15-64,From 15 to 64 years,T,Total,HR,Hour,FI,Finland,2018,,40.2,,,,,
dataflow,ESTAT:TPS00071(1.0),Hours worked per week of full-time employment,A,Annual,TOTAL,Total,EMP,Employed persons,FT,Full-time,Y15-64,From 15 to 64 years,T,Total,HR,Hour,FI,Finland,2019,,40.2,,,,,
dataflow,ESTAT:TPS00071(1.0),Hours worked per week of full-time employment,A,Annual,TOTAL,Total,EMP,Employed persons,FT,Full-time,Y15-64,From 15 to 64 years,T,Total,HR,Hour,FI,Finland,2020,,39.9,,,,,
dataflow,ESTAT:TPS00071(1.0),Hours worked per week of full-time employment,A,Annual,TOTAL,Total,EMP,Employed persons,FT,Full-time,Y15-64,From 15 to 64 years,T,Total,HR,Hour,FI,Finland,2021,,38.9,,b,break in time series,,
dataflow,ESTAT:TPS00071(1.0),Hours worked per week of full-time employment,A,Annual,TOTAL,Total,EMP,Employed persons,FT,Full-time,Y15-64,From 15 to 64 years,T,Total,HR,Hour,FI,Finland,2022,,38.7,,,,,
dataflow,ESTAT:TPS00071(1.0),Hours worked per week of full-time employment,A,Annual,TOTAL,Total,EMP,Employed persons,FT,Full-time,Y15-64,From 15 to 64 years,T,Total,HR,Hour,FI,Finland,2023,,38.8,,,,,
dataflow,ESTAT:TPS00071(1.0),Hours worked per week of full-time employment,A,Annual,TOTAL,Total,EMP,Employed persons,FT,Full-time,Y15-64,From 15 to 64 years,T,Total,HR,Hour,FI,Finland,2024,,39.0,,,,,
dataflow,ESTAT:TPS00071(1.0),Hours worked per week of full-time employment,A,Annual,TOTAL,Total,EMP,Employed persons,FT,Full-time,Y15-64,From 15 to 64 years,T,Total,HR,Hour,FR,France,2013,,40.7,,,,,
dataflow,ESTAT:TPS00071(1.0),Hours worked per week of full-time employment,A,Annual,TOTAL,Total,EMP,Employed persons,FT,Full-time,Y15-64,From 15 to 64 years,T,Total,HR,Hour,FR,France,2014,,40.5,,b,break in time series,,
dataflow,ESTAT:TPS00071(1.0),Hours worked per week of full-time employment,A,Annual,TOTAL,Total,EMP,Employed persons,FT,Full-time,Y15-64,From 15 to 64 years,T,Total,HR,Hour,FR,France,2015,,40.4,,,,,
dataflow,ESTAT:TPS00071(1.0),Hours worked per week of full-time employment,A,Annual,TOTAL,Total,EMP,Employed persons,FT,Full-time,Y15-64,From 15 to 64 years,T,Total,HR,Hour,FR,France,2016,,40.5,,,,,
dataflow,ESTAT:TPS00071(1.0),Hours worked per week of full-time employment,A,Annual,TOTAL,Total,EMP,Employed persons,FT,Full-time,Y15-64,From 15 to 64 years,T,Total,HR,Hour,FR,France,2017,,40.4,,,,,
dataflow,ESTAT:TPS00071(1.0),Hours worked per week of full-time employment,A,Annual,TOTAL,Total,EMP,Employed persons,FT,Full-time,Y15-64,From 15 to 64 years,T,Total,HR,Hour,FR,France,2018,,40.4,,,,,
dataflow,ESTAT:TPS00071(1.0),Hours worked per week of full-time employment,A,Annual,TOTAL,Total,EMP,Employed persons,FT,Full-time,Y15-64,From 15 to 64 years,T,Total,HR,Hour,FR,France,2019,,40.4,,,,,
dataflow,ESTAT:TPS00071(1.0),Hours worked per week of full-time employment,A,Annual,TOTAL,Total,EMP,Employed persons,FT,Full-time,Y15-64,From 15 to 64 years,T,Total,HR,Hour,FR,France,2020,,40.3,,,,,
dataflow,ESTAT:TPS00071(1.0),Hours worked per week of full-time employment,A,Annual,TOTAL,Total,EMP,Employed persons,FT,Full-time,Y15-64,From 15 to 64 years,T,Total,HR,Hour,FR,France,2021,,39.9,,bd,"break in time series, definition differs (see metadata)",,
dataflow,ESTAT:TPS00071(1.0),Hours worked per week of full-time employment,A,Annual,TOTAL,Total,EMP,Employed persons,FT,Full-time,Y15-64,From 15 to 64 years,T,Total,HR,Hour,FR,France,2022,,40.0,,d,definition differs (see metadata),,
dataflow,ESTAT:TPS00071(1.0),Hours worked per week of full-time employment,A,Annual,TOTAL,Total,EMP,Employed persons,FT,Full-time,Y15-64,From 15 to 64 years,T,Total,HR,Hour,FR,France,2023,,40.0,,d,definition differs (see metadata),,
dataflow,ESTAT:TPS00071(1.0),Hours worked per week of full-time employment,A,Annual,TOTAL,Total,EMP,Employed persons,FT,Full-time,Y15-64,From 15 to 64 years,T,Total,HR,Hour,FR,France,2024,,39.9,,d,definition differs (see metadata),,
dataflow,ESTAT:TPS00071(1.0),Hours worked per week of full-time employment,A,Annual,TOTAL,Total,EMP,Employed persons,FT,Full-time,Y15-64,From 15 to 64 years,T,Total,HR,Hour,HR,Croatia,2013,,41.1,,,,,
dataflow,ESTAT:TPS00071(1.0),Hours worked per week of full-time employment,A,Annual,TOTAL,Total,EMP,Employed persons,FT,Full-time,Y15-64,From 15 to 64 years,T,Total,HR,Hour,HR,Croatia,2014,,41.3,,,,,
dataflow,ESTAT:TPS00071(1.0),Hours worked per week of full-time employment,A,Annual,TOTAL,Total,EMP,Employed persons,FT,Full-time,Y15-64,From 15 to 64 years,T,Total,HR,Hour,HR,Croatia,2015,,41.0,,,,,
dataflow,ESTAT:TPS00071(1.0),Hours worked per week of full-time employment,A,Annual,TOTAL,Total,EMP,Employed persons,FT,Full-time,Y15-64,From 15 to 64 years,T,Total,HR,Hour,HR,Croatia,2016,,40.8,,,,,
dataflow,ESTAT:TPS00071(1.0),Hours worked per week of full-time employment,A,Annual,TOTAL,Total,EMP,Employed persons,FT,Full-time,Y15-64,From 15 to 64 years,T,Total,HR,Hour,HR,Croatia,2017,,40.7,,,,,
dataflow,ESTAT:TPS00071(1.0),Hours worked per week of full-time employment,A,Annual,TOTAL,Total,EMP,Employed persons,FT,Full-time,Y15-64,From 15 to 64 years,T,Total,HR,Hour,HR,Croatia,2018,,40.8,,,,,
dataflow,ESTAT:TPS00071(1.0),Hours worked per week of full-time employment,A,Annual,TOTAL,Total,EMP,Employed persons,FT,Full-time,Y15-64,From 15 to 64 years,T,Total,HR,Hour,HR,Croatia,2019,,40.8,,,,,
dataflow,ESTAT:TPS00071(1.0),Hours worked per week of full-time employment,A,Annual,TOTAL,Total,EMP,Employed persons,FT,Full-time,Y15-64,From 15 to 64 years,T,Total,HR,Hour,HR,Croatia,2020,,40.7,,,,,
dataflow,ESTAT:TPS00071(1.0),Hours worked per week of full-time employment,A,Annual,TOTAL,Total,EMP,Employed persons,FT,Full-time,Y15-64,From 15 to 64 years,T,Total,HR,Hour,HR,Croatia,2021,,40.6,,b,break in time series,,
dataflow,ESTAT:TPS00071(1.0),Hours worked per week of full-time employment,A,Annual,TOTAL,Total,EMP,Employed persons,FT,Full-time,Y15-64,From 15 to 64 years,T,Total,HR,Hour,HR,Croatia,2022,,40.5,,,,,
dataflow,ESTAT:TPS00071(1.0),Hours worked per week of full-time employment,A,Annual,TOTAL,Total,EMP,Employed persons,FT,Full-time,Y15-64,From 15 to 64 years,T,Total,HR,Hour,HR,Croatia,2023,,40.4,,,,,
dataflow,ESTAT:TPS00071(1.0),Hours worked per week of full-time employment,A,Annual,TOTAL,Total,EMP,Employed persons,FT,Full-time,Y15-64,From 15 to 64 years,T,Total,HR,Hour,HR,Croatia,2024,,40.1,,,,,
dataflow,ESTAT:TPS00071(1.0),Hours worked per week of full-time employment,A,Annual,TOTAL,Total,EMP,Employed persons,FT,Full-time,Y15-64,From 15 to 64 years,T,Total,HR,Hour,HU,Hungary,2013,,40.7,,,,,
dataflow,ESTAT:TPS00071(1.0),Hours worked per week of full-time employment,A,Annual,TOTAL,Total,EMP,Employed persons,FT,Full-time,Y15-64,From 15 to 64 years,T,Total,HR,Hour,HU,Hungary,2014,,40.9,,,,,
dataflow,ESTAT:TPS00071(1.0),Hours worked per week of full-time employment,A,Annual,TOTAL,Total,EMP,Employed persons,FT,Full-time,Y15-64,From 15 to 64 years,T,Total,HR,Hour,HU,Hungary,2015,,40.9,,,,,
dataflow,ESTAT:TPS00071(1.0),Hours worked per week of full-time employment,A,Annual,TOTAL,Total,EMP,Employed persons,FT,Full-time,Y15-64,From 15 to 64 years,T,Total,HR,Hour,HU,Hungary,2016,,40.7,,,,,
dataflow,ESTAT:TPS00071(1.0),Hours worked per week of full-time employment,A,Annual,TOTAL,Total,EMP,Employed persons,FT,Full-time,Y15-64,From 15 to 64 years,T,Total,HR,Hour,HU,Hungary,2017,,40.6,,,,,
dataflow,ESTAT:TPS00071(1.0),Hours worked per week of full-time employment,A,Annual,TOTAL,Total,EMP,Employed persons,FT,Full-time,Y15-64,From 15 to 64 years,T,Total,HR,Hour,HU,Hungary,2018,,40.5,,b,break in time series,,
dataflow,ESTAT:TPS00071(1.0),Hours worked per week of full-time employment,A,Annual,TOTAL,Total,EMP,Employed persons,FT,Full-time,Y15-64,From 15 to 64 years,T,Total,HR,Hour,HU,Hungary,2019,,40.5,,,,,
dataflow,ESTAT:TPS00071(1.0),Hours worked per week of full-time employment,A,Annual,TOTAL,Total,EMP,Employed persons,FT,Full-time,Y15-64,From 15 to 64 years,T,Total,HR,Hour,HU,Hungary,2020,,40.3,,,,,
dataflow,ESTAT:TPS00071(1.0),Hours worked per week of full-time employment,A,Annual,TOTAL,Total,EMP,Employed persons,FT,Full-time,Y15-64,From 15 to 64 years,T,Total,HR,Hour,HU,Hungary,2021,,40.4,,b,break in time series,,
dataflow,ESTAT:TPS00071(1.0),Hours worked per week of full-time employment,A,Annual,TOTAL,Total,EMP,Employed persons,FT,Full-time,Y15-64,From 15 to 64 years,T,Total,HR,Hour,HU,Hungary,2022,,40.4,,,,,
dataflow,ESTAT:TPS00071(1.0),Hours worked per week of full-time employment,A,Annual,TOTAL,Total,EMP,Employed persons,FT,Full-time,Y15-64,From 15 to 64 years,T,Total,HR,Hour,HU,Hungary,2023,,40.3,,,,,
dataflow,ESTAT:TPS00071(1.0),Hours worked per week of full-time employment,A,Annual,TOTAL,Total,EMP,Employed persons,FT,Full-time,Y15-64,From 15 to 64 years,T,Total,HR,Hour,HU,Hungary,2024,,40.3,,,,,
dataflow,ESTAT:TPS00071(1.0),Hours worked per week of full-time employment,A,Annual,TOTAL,Total,EMP,Employed persons,FT,Full-time,Y15-64,From 15 to 64 years,T,Total,HR,Hour,IE,Ireland,2013,,40.0,,,,,
dataflow,ESTAT:TPS00071(1.0),Hours worked per week of full-time employment,A,Annual,TOTAL,Total,EMP,Employed persons,FT,Full-time,Y15-64,From 15 to 64 years,T,Total,HR,Hour,IE,Ireland,2014,,40.2,,,,,
dataflow,ESTAT:TPS00071(1.0),Hours worked per week of full-time employment,A,Annual,TOTAL,Total,EMP,Employed persons,FT,Full-time,Y15-64,From 15 to 64 years,T,Total,HR,Hour,IE,Ireland,2015,,40.3,,,,,
dataflow,ESTAT:TPS00071(1.0),Hours worked per week of full-time employment,A,Annual,TOTAL,Total,EMP,Employed persons,FT,Full-time,Y15-64,From 15 to 64 years,T,Total,HR,Hour,IE,Ireland,2016,,40.3,,,,,
dataflow,ESTAT:TPS00071(1.0),Hours worked per week of full-time employment,A,Annual,TOTAL,Total,EMP,Employed persons,FT,Full-time,Y15-64,From 15 to 64 years,T,Total,HR,Hour,IE,Ireland,2017,,40.5,,b,break in time series,,
dataflow,ESTAT:TPS00071(1.0),Hours worked per week of full-time employment,A,Annual,TOTAL,Total,EMP,Employed persons,FT,Full-time,Y15-64,From 15 to 64 years,T,Total,HR,Hour,IE,Ireland,2018,,40.6,,,,,
dataflow,ESTAT:TPS00071(1.0),Hours worked per week of full-time employment,A,Annual,TOTAL,Total,EMP,Employed persons,FT,Full-time,Y15-64,From 15 to 64 years,T,Total,HR,Hour,IE,Ireland,2019,,40.6,,,,,
dataflow,ESTAT:TPS00071(1.0),Hours worked per week of full-time employment,A,Annual,TOTAL,Total,EMP,Employed persons,FT,Full-time,Y15-64,From 15 to 64 years,T,Total,HR,Hour,IE,Ireland,2020,,40.3,,,,,
dataflow,ESTAT:TPS00071(1.0),Hours worked per week of full-time employment,A,Annual,TOTAL,Total,EMP,Employed persons,FT,Full-time,Y15-64,From 15 to 64 years,T,Total,HR,Hour,IE,Ireland,2021,,40.1,,b,break in time series,,
dataflow,ESTAT:TPS00071(1.0),Hours worked per week of full-time employment,A,Annual,TOTAL,Total,EMP,Employed persons,FT,Full-time,Y15-64,From 15 to 64 years,T,Total,HR,Hour,IE,Ireland,2022,,40.4,,,,,
dataflow,ESTAT:TPS00071(1.0),Hours worked per week of full-time employment,A,Annual,TOTAL,Total,EMP,Employed persons,FT,Full-time,Y15-64,From 15 to 64 years,T,Total,HR,Hour,IE,Ireland,2023,,40.0,,,,,
dataflow,ESTAT:TPS00071(1.0),Hours worked per week of full-time employment,A,Annual,TOTAL,Total,EMP,Employed persons,FT,Full-time,Y15-64,From 15 to 64 years,T,Total,HR,Hour,IE,Ireland,2024,,39.7,,,,,
dataflow,ESTAT:TPS00071(1.0),Hours worked per week of full-time employment,A,Annual,TOTAL,Total,EMP,Employed persons,FT,Full-time,Y15-64,From 15 to 64 years,T,Total,HR,Hour,IS,Iceland,2013,,44.9,,,,,
dataflow,ESTAT:TPS00071(1.0),Hours worked per week of full-time employment,A,Annual,TOTAL,Total,EMP,Employed persons,FT,Full-time,Y15-64,From 15 to 64 years,T,Total,HR,Hour,IS,Iceland,2014,,45.1,,,,,
dataflow,ESTAT:TPS00071(1.0),Hours worked per week of full-time employment,A,Annual,TOTAL,Total,EMP,Employed persons,FT,Full-time,Y15-64,From 15 to 64 years,T,Total,HR,Hour,IS,Iceland,2015,,45.2,,,,,
dataflow,ESTAT:TPS00071(1.0),Hours worked per week of full-time employment,A,Annual,TOTAL,Total,EMP,Employed persons,FT,Full-time,Y15-64,From 15 to 64 years,T,Total,HR,Hour,IS,Iceland,2016,,45.0,,,,,
dataflow,ESTAT:TPS00071(1.0),Hours worked per week of full-time employment,A,Annual,TOTAL,Total,EMP,Employed persons,FT,Full-time,Y15-64,From 15 to 64 years,T,Total,HR,Hour,IS,Iceland,2017,,44.6,,,,,
dataflow,ESTAT:TPS00071(1.0),Hours worked per week of full-time employment,A,Annual,TOTAL,Total,EMP,Employed persons,FT,Full-time,Y15-64,From 15 to 64 years,T,Total,HR,Hour,IS,Iceland,2018,,44.4,,,,,
dataflow,ESTAT:TPS00071(1.0),Hours worked per week of full-time employment,A,Annual,TOTAL,Total,EMP,Employed persons,FT,Full-time,Y15-64,From 15 to 64 years,T,Total,HR,Hour,IS,Iceland,2019,,44.0,,,,,
dataflow,ESTAT:TPS00071(1.0),Hours worked per week of full-time employment,A,Annual,TOTAL,Total,EMP,Employed persons,FT,Full-time,Y15-64,From 15 to 64 years,T,Total,HR,Hour,IS,Iceland,2020,,43.4,,b,break in time series,,
dataflow,ESTAT:TPS00071(1.0),Hours worked per week of full-time employment,A,Annual,TOTAL,Total,EMP,Employed persons,FT,Full-time,Y15-64,From 15 to 64 years,T,Total,HR,Hour,IS,Iceland,2021,,42.9,,b,break in time series,,
dataflow,ESTAT:TPS00071(1.0),Hours worked per week of full-time employment,A,Annual,TOTAL,Total,EMP,Employed persons,FT,Full-time,Y15-64,From 15 to 64 years,T,Total,HR,Hour,IS,Iceland,2022,,42.8,,,,,
dataflow,ESTAT:TPS00071(1.0),Hours worked per week of full-time employment,A,Annual,TOTAL,Total,EMP,Employed persons,FT,Full-time,Y15-64,From 15 to 64 years,T,Total,HR,Hour,IS,Iceland,2023,,42.5,,,,,
dataflow,ESTAT:TPS00071(1.0),Hours worked per week of full-time employment,A,Annual,TOTAL,Total,EMP,Employed persons,FT,Full-time,Y15-64,From 15 to 64 years,T,Total,HR,Hour,IS,Iceland,2024,,42.4,,,,,
dataflow,ESTAT:TPS00071(1.0),Hours worked per week of full-time employment,A,Annual,TOTAL,Total,EMP,Employed persons,FT,Full-time,Y15-64,From 15 to 64 years,T,Total,HR,Hour,IT,Italy,2013,,40.3,,,,,
dataflow,ESTAT:TPS00071(1.0),Hours worked per week of full-time employment,A,Annual,TOTAL,Total,EMP,Employed persons,FT,Full-time,Y15-64,From 15 to 64 years,T,Total,HR,Hour,IT,Italy,2014,,40.4,,,,,
dataflow,ESTAT:TPS00071(1.0),Hours worked per week of full-time employment,A,Annual,TOTAL,Total,EMP,Employed persons,FT,Full-time,Y15-64,From 15 to 64 years,T,Total,HR,Hour,IT,Italy,2015,,40.5,,,,,
dataflow,ESTAT:TPS00071(1.0),Hours worked per week of full-time employment,A,Annual,TOTAL,Total,EMP,Employed persons,FT,Full-time,Y15-64,From 15 to 64 years,T,Total,HR,Hour,IT,Italy,2016,,40.5,,,,,
dataflow,ESTAT:TPS00071(1.0),Hours worked per week of full-time employment,A,Annual,TOTAL,Total,EMP,Employed persons,FT,Full-time,Y15-64,From 15 to 64 years,T,Total,HR,Hour,IT,Italy,2017,,40.7,,,,,
dataflow,ESTAT:TPS00071(1.0),Hours worked per week of full-time employment,A,Annual,TOTAL,Total,EMP,Employed persons,FT,Full-time,Y15-64,From 15 to 64 years,T,Total,HR,Hour,IT,Italy,2018,,40.7,,b,break in time series,,
dataflow,ESTAT:TPS00071(1.0),Hours worked per week of full-time employment,A,Annual,TOTAL,Total,EMP,Employed persons,FT,Full-time,Y15-64,From 15 to 64 years,T,Total,HR,Hour,IT,Italy,2019,,40.7,,,,,
dataflow,ESTAT:TPS00071(1.0),Hours worked per week of full-time employment,A,Annual,TOTAL,Total,EMP,Employed persons,FT,Full-time,Y15-64,From 15 to 64 years,T,Total,HR,Hour,IT,Italy,2020,,40.3,,,,,
dataflow,ESTAT:TPS00071(1.0),Hours worked per week of full-time employment,A,Annual,TOTAL,Total,EMP,Employed persons,FT,Full-time,Y15-64,From 15 to 64 years,T,Total,HR,Hour,IT,Italy,2021,,40.6,,b,break in time series,,
dataflow,ESTAT:TPS00071(1.0),Hours worked per week of full-time employment,A,Annual,TOTAL,Total,EMP,Employed persons,FT,Full-time,Y15-64,From 15 to 64 years,T,Total,HR,Hour,IT,Italy,2022,,40.5,,,,,
dataflow,ESTAT:TPS00071(1.0),Hours worked per week of full-time employment,A,Annual,TOTAL,Total,EMP,Employed persons,FT,Full-time,Y15-64,From 15 to 64 years,T,Total,HR,Hour,IT,Italy,2023,,40.5,,,,,
dataflow,ESTAT:TPS00071(1.0),Hours worked per week of full-time employment,A,Annual,TOTAL,Total,EMP,Employed persons,FT,Full-time,Y15-64,From 15 to 64 years,T,Total,HR,Hour,IT,Italy,2024,,40.0,,,,,
dataflow,ESTAT:TPS00071(1.0),Hours worked per week of full-time employment,A,Annual,TOTAL,Total,EMP,Employed persons,FT,Full-time,Y15-64,From 15 to 64 years,T,Total,HR,Hour,LT,Lithuania,2013,,39.6,,,,,
dataflow,ESTAT:TPS00071(1.0),Hours worked per week of full-time employment,A,Annual,TOTAL,Total,EMP,Employed persons,FT,Full-time,Y15-64,From 15 to 64 years,T,Total,HR,Hour,LT,Lithuania,2014,,39.5,,,,,
dataflow,ESTAT:TPS00071(1.0),Hours worked per week of full-time employment,A,Annual,TOTAL,Total,EMP,Employed persons,FT,Full-time,Y15-64,From 15 to 64 years,T,Total,HR,Hour,LT,Lithuania,2015,,39.7,,,,,
dataflow,ESTAT:TPS00071(1.0),Hours worked per week of full-time employment,A,Annual,TOTAL,Total,EMP,Employed persons,FT,Full-time,Y15-64,From 15 to 64 years,T,Total,HR,Hour,LT,Lithuania,2016,,39.7,,,,,
dataflow,ESTAT:TPS00071(1.0),Hours worked per week of full-time employment,A,Annual,TOTAL,Total,EMP,Employed persons,FT,Full-time,Y15-64,From 15 to 64 years,T,Total,HR,Hour,LT,Lithuania,2017,,39.9,,,,,
dataflow,ESTAT:TPS00071(1.0),Hours worked per week of full-time employment,A,Annual,TOTAL,Total,EMP,Employed persons,FT,Full-time,Y15-64,From 15 to 64 years,T,Total,HR,Hour,LT,Lithuania,2018,,40.0,,,,,
dataflow,ESTAT:TPS00071(1.0),Hours worked per week of full-time employment,A,Annual,TOTAL,Total,EMP,Employed persons,FT,Full-time,Y15-64,From 15 to 64 years,T,Total,HR,Hour,LT,Lithuania,2019,,40.0,,,,,
dataflow,ESTAT:TPS00071(1.0),Hours worked per week of full-time employment,A,Annual,TOTAL,Total,EMP,Employed persons,FT,Full-time,Y15-64,From 15 to 64 years,T,Total,HR,Hour,LT,Lithuania,2020,,40.0,,,,,
dataflow,ESTAT:TPS00071(1.0),Hours worked per week of full-time employment,A,Annual,TOTAL,Total,EMP,Employed persons,FT,Full-time,Y15-64,From 15 to 64 years,T,Total,HR,Hour,LT,Lithuania,2021,,39.9,,b,break in time series,,
dataflow,ESTAT:TPS00071(1.0),Hours worked per week of full-time employment,A,Annual,TOTAL,Total,EMP,Employed persons,FT,Full-time,Y15-64,From 15 to 64 years,T,Total,HR,Hour,LT,Lithuania,2022,,40.0,,,,,
dataflow,ESTAT:TPS00071(1.0),Hours worked per week of full-time employment,A,Annual,TOTAL,Total,EMP,Employed persons,FT,Full-time,Y15-64,From 15 to 64 years,T,Total,HR,Hour,LT,Lithuania,2023,,40.0,,,,,
dataflow,ESTAT:TPS00071(1.0),Hours worked per week of full-time employment,A,Annual,TOTAL,Total,EMP,Employed persons,FT,Full-time,Y15-64,From 15 to 64 years,T,Total,HR,Hour,LT,Lithuania,2024,,40.1,,,,,
dataflow,ESTAT:TPS00071(1.0),Hours worked per week of full-time employment,A,Annual,TOTAL,Total,EMP,Employed persons,FT,Full-time,Y15-64,From 15 to 64 years,T,Total,HR,Hour,LU,Luxembourg,2013,,40.7,,,,,
dataflow,ESTAT:TPS00071(1.0),Hours worked per week of full-time employment,A,Annual,TOTAL,Total,EMP,Employed persons,FT,Full-time,Y15-64,From 15 to 64 years,T,Total,HR,Hour,LU,Luxembourg,2014,,40.8,,,,,
dataflow,ESTAT:TPS00071(1.0),Hours worked per week of full-time employment,A,Annual,TOTAL,Total,EMP,Employed persons,FT,Full-time,Y15-64,From 15 to 64 years,T,Total,HR,Hour,LU,Luxembourg,2015,,40.8,,b,break in time series,,
dataflow,ESTAT:TPS00071(1.0),Hours worked per week of full-time employment,A,Annual,TOTAL,Total,EMP,Employed persons,FT,Full-time,Y15-64,From 15 to 64 years,T,Total,HR,Hour,LU,Luxembourg,2016,,40.9,,,,,
dataflow,ESTAT:TPS00071(1.0),Hours worked per week of full-time employment,A,Annual,TOTAL,Total,EMP,Employed persons,FT,Full-time,Y15-64,From 15 to 64 years,T,Total,HR,Hour,LU,Luxembourg,2017,,40.9,,,,,
dataflow,ESTAT:TPS00071(1.0),Hours worked per week of full-time employment,A,Annual,TOTAL,Total,EMP,Employed persons,FT,Full-time,Y15-64,From 15 to 64 years,T,Total,HR,Hour,LU,Luxembourg,2018,,40.6,,,,,
dataflow,ESTAT:TPS00071(1.0),Hours worked per week of full-time employment,A,Annual,TOTAL,Total,EMP,Employed persons,FT,Full-time,Y15-64,From 15 to 64 years,T,Total,HR,Hour,LU,Luxembourg,2019,,40.6,,,,,
dataflow,ESTAT:TPS00071(1.0),Hours worked per week of full-time employment,A,Annual,TOTAL,Total,EMP,Employed persons,FT,Full-time,Y15-64,From 15 to 64 years,T,Total,HR,Hour,LU,Luxembourg,2020,,40.3,,,,,
dataflow,ESTAT:TPS00071(1.0),Hours worked per week of full-time employment,A,Annual,TOTAL,Total,EMP,Employed persons,FT,Full-time,Y15-64,From 15 to 64 years,T,Total,HR,Hour,LU,Luxembourg,2021,,41.1,,b,break in time series,,
dataflow,ESTAT:TPS00071(1.0),Hours worked per week of full-time employment,A,Annual,TOTAL,Total,EMP,Employed persons,FT,Full-time,Y15-64,From 15 to 64 years,T,Total,HR,Hour,LU,Luxembourg,2022,,40.9,,,,,
dataflow,ESTAT:TPS00071(1.0),Hours worked per week of full-time employment,A,Annual,TOTAL,Total,EMP,Employed persons,FT,Full-time,Y15-64,From 15 to 64 years,T,Total,HR,Hour,LU,Luxembourg,2023,,40.8,,,,,
dataflow,ESTAT:TPS00071(1.0),Hours worked per week of full-time employment,A,Annual,TOTAL,Total,EMP,Employed persons,FT,Full-time,Y15-64,From 15 to 64 years,T,Total,HR,Hour,LU,Luxembourg,2024,,40.7,,,,,
dataflow,ESTAT:TPS00071(1.0),Hours worked per week of full-time employment,A,Annual,TOTAL,Total,EMP,Employed persons,FT,Full-time,Y15-64,From 15 to 64 years,T,Total,HR,Hour,LV,Latvia,2013,,40.4,,,,,
dataflow,ESTAT:TPS00071(1.0),Hours worked per week of full-time employment,A,Annual,TOTAL,Total,EMP,Employed persons,FT,Full-time,Y15-64,From 15 to 64 years,T,Total,HR,Hour,LV,Latvia,2014,,40.5,,,,,
dataflow,ESTAT:TPS00071(1.0),Hours worked per week of full-time employment,A,Annual,TOTAL,Total,EMP,Employed persons,FT,Full-time,Y15-64,From 15 to 64 years,T,Total,HR,Hour,LV,Latvia,2015,,40.6,,,,,
dataflow,ESTAT:TPS00071(1.0),Hours worked per week of full-time employment,A,Annual,TOTAL,Total,EMP,Employed persons,FT,Full-time,Y15-64,From 15 to 64 years,T,Total,HR,Hour,LV,Latvia,2016,,40.5,,,,,
dataflow,ESTAT:TPS00071(1.0),Hours worked per week of full-time employment,A,Annual,TOTAL,Total,EMP,Employed persons,FT,Full-time,Y15-64,From 15 to 64 years,T,Total,HR,Hour,LV,Latvia,2017,,40.4,,,,,
dataflow,ESTAT:TPS00071(1.0),Hours worked per week of full-time employment,A,Annual,TOTAL,Total,EMP,Employed persons,FT,Full-time,Y15-64,From 15 to 64 years,T,Total,HR,Hour,LV,Latvia,2018,,40.4,,,,,
dataflow,ESTAT:TPS00071(1.0),Hours worked per week of full-time employment,A,Annual,TOTAL,Total,EMP,Employed persons,FT,Full-time,Y15-64,From 15 to 64 years,T,Total,HR,Hour,LV,Latvia,2019,,40.3,,,,,
dataflow,ESTAT:TPS00071(1.0),Hours worked per week of full-time employment,A,Annual,TOTAL,Total,EMP,Employed persons,FT,Full-time,Y15-64,From 15 to 64 years,T,Total,HR,Hour,LV,Latvia,2020,,40.3,,,,,
dataflow,ESTAT:TPS00071(1.0),Hours worked per week of full-time employment,A,Annual,TOTAL,Total,EMP,Employed persons,FT,Full-time,Y15-64,From 15 to 64 years,T,Total,HR,Hour,LV,Latvia,2021,,40.1,,b,break in time series,,
dataflow,ESTAT:TPS00071(1.0),Hours worked per week of full-time employment,A,Annual,TOTAL,Total,EMP,Employed persons,FT,Full-time,Y15-64,From 15 to 64 years,T,Total,HR,Hour,LV,Latvia,2022,,40.1,,,,,
dataflow,ESTAT:TPS00071(1.0),Hours worked per week of full-time employment,A,Annual,TOTAL,Total,EMP,Employed persons,FT,Full-time,Y15-64,From 15 to 64 years,T,Total,HR,Hour,LV,Latvia,2023,,40.1,,,,,
dataflow,ESTAT:TPS00071(1.0),Hours worked per week of full-time employment,A,Annual,TOTAL,Total,EMP,Employed persons,FT,Full-time,Y15-64,From 15 to 64 years,T,Total,HR,Hour,LV,Latvia,2024,,40.0,,,,,
dataflow,ESTAT:TPS00071(1.0),Hours worked per week of full-time employment,A,Annual,TOTAL,Total,EMP,Employed persons,FT,Full-time,Y15-64,From 15 to 64 years,T,Total,HR,Hour,ME,Montenegro,2013,,44.2,,,,,
dataflow,ESTAT:TPS00071(1.0),Hours worked per week of full-time employment,A,Annual,TOTAL,Total,EMP,Employed persons,FT,Full-time,Y15-64,From 15 to 64 years,T,Total,HR,Hour,ME,Montenegro,2014,,44.3,,,,,
dataflow,ESTAT:TPS00071(1.0),Hours worked per week of full-time employment,A,Annual,TOTAL,Total,EMP,Employed persons,FT,Full-time,Y15-64,From 15 to 64 years,T,Total,HR,Hour,ME,Montenegro,2015,,44.8,,,,,
dataflow,ESTAT:TPS00071(1.0),Hours worked per week of full-time employment,A,Annual,TOTAL,Total,EMP,Employed persons,FT,Full-time,Y15-64,From 15 to 64 years,T,Total,HR,Hour,ME,Montenegro,2016,,44.2,,,,,
dataflow,ESTAT:TPS00071(1.0),Hours worked per week of full-time employment,A,Annual,TOTAL,Total,EMP,Employed persons,FT,Full-time,Y15-64,From 15 to 64 years,T,Total,HR,Hour,ME,Montenegro,2017,,44.3,,,,,
dataflow,ESTAT:TPS00071(1.0),Hours worked per week of full-time employment,A,Annual,TOTAL,Total,EMP,Employed persons,FT,Full-time,Y15-64,From 15 to 64 years,T,Total,HR,Hour,ME,Montenegro,2018,,45.0,,,,,
dataflow,ESTAT:TPS00071(1.0),Hours worked per week of full-time employment,A,Annual,TOTAL,Total,EMP,Employed persons,FT,Full-time,Y15-64,From 15 to 64 years,T,Total,HR,Hour,ME,Montenegro,2019,,45.3,,,,,
dataflow,ESTAT:TPS00071(1.0),Hours worked per week of full-time employment,A,Annual,TOTAL,Total,EMP,Employed persons,FT,Full-time,Y15-64,From 15 to 64 years,T,Total,HR,Hour,ME,Montenegro,2020,,45.0,,,,,
dataflow,ESTAT:TPS00071(1.0),Hours worked per week of full-time employment,A,Annual,TOTAL,Total,EMP,Employed persons,FT,Full-time,Y15-64,From 15 to 64 years,T,Total,HR,Hour,MK,North Macedonia,2013,,43.3,,,,,
dataflow,ESTAT:TPS00071(1.0),Hours worked per week of full-time employment,A,Annual,TOTAL,Total,EMP,Employed persons,FT,Full-time,Y15-64,From 15 to 64 years,T,Total,HR,Hour,MK,North Macedonia,2014,,43.2,,,,,
dataflow,ESTAT:TPS00071(1.0),Hours worked per week of full-time employment,A,Annual,TOTAL,Total,EMP,Employed persons,FT,Full-time,Y15-64,From 15 to 64 years,T,Total,HR,Hour,MK,North Macedonia,2015,,42.7,,,,,
dataflow,ESTAT:TPS00071(1.0),Hours worked per week of full-time employment,A,Annual,TOTAL,Total,EMP,Employed persons,FT,Full-time,Y15-64,From 15 to 64 years,T,Total,HR,Hour,MK,North Macedonia,2016,,42.7,,,,,
dataflow,ESTAT:TPS00071(1.0),Hours worked per week of full-time employment,A,Annual,TOTAL,Total,EMP,Employed persons,FT,Full-time,Y15-64,From 15 to 64 years,T,Total,HR,Hour,MK,North Macedonia,2017,,43.3,,,,,
dataflow,ESTAT:TPS00071(1.0),Hours worked per week of full-time employment,A,Annual,TOTAL,Total,EMP,Employed persons,FT,Full-time,Y15-64,From 15 to 64 years,T,Total,HR,Hour,MK,North Macedonia,2018,,43.0,,,,,
dataflow,ESTAT:TPS00071(1.0),Hours worked per week of full-time employment,A,Annual,TOTAL,Total,EMP,Employed persons,FT,Full-time,Y15-64,From 15 to 64 years,T,Total,HR,Hour,MK,North Macedonia,2019,,42.3,,,,,
dataflow,ESTAT:TPS00071(1.0),Hours worked per week of full-time employment,A,Annual,TOTAL,Total,EMP,Employed persons,FT,Full-time,Y15-64,From 15 to 64 years,T,Total,HR,Hour,MK,North Macedonia,2020,,41.6,,,,,
dataflow,ESTAT:TPS00071(1.0),Hours worked per week of full-time employment,A,Annual,TOTAL,Total,EMP,Employed persons,FT,Full-time,Y15-64,From 15 to 64 years,T,Total,HR,Hour,MT,Malta,2013,,41.3,,,,,
dataflow,ESTAT:TPS00071(1.0),Hours worked per week of full-time employment,A,Annual,TOTAL,Total,EMP,Employed persons,FT,Full-time,Y15-64,From 15 to 64 years,T,Total,HR,Hour,MT,Malta,2014,,41.3,,,,,
dataflow,ESTAT:TPS00071(1.0),Hours worked per week of full-time employment,A,Annual,TOTAL,Total,EMP,Employed persons,FT,Full-time,Y15-64,From 15 to 64 years,T,Total,HR,Hour,MT,Malta,2015,,41.5,,,,,
dataflow,ESTAT:TPS00071(1.0),Hours worked per week of full-time employment,A,Annual,TOTAL,Total,EMP,Employed persons,FT,Full-time,Y15-64,From 15 to 64 years,T,Total,HR,Hour,MT,Malta,2016,,41.4,,,,,
dataflow,ESTAT:TPS00071(1.0),Hours worked per week of full-time employment,A,Annual,TOTAL,Total,EMP,Employed persons,FT,Full-time,Y15-64,From 15 to 64 years,T,Total,HR,Hour,MT,Malta,2017,,41.4,,,,,
dataflow,ESTAT:TPS00071(1.0),Hours worked per week of full-time employment,A,Annual,TOTAL,Total,EMP,Employed persons,FT,Full-time,Y15-64,From 15 to 64 years,T,Total,HR,Hour,MT,Malta,2018,,41.6,,,,,
dataflow,ESTAT:TPS00071(1.0),Hours worked per week of full-time employment,A,Annual,TOTAL,Total,EMP,Employed persons,FT,Full-time,Y15-64,From 15 to 64 years,T,Total,HR,Hour,MT,Malta,2019,,42.2,,,,,
dataflow,ESTAT:TPS00071(1.0),Hours worked per week of full-time employment,A,Annual,TOTAL,Total,EMP,Employed persons,FT,Full-time,Y15-64,From 15 to 64 years,T,Total,HR,Hour,MT,Malta,2020,,42.0,,,,,
dataflow,ESTAT:TPS00071(1.0),Hours worked per week of full-time employment,A,Annual,TOTAL,Total,EMP,Employed persons,FT,Full-time,Y15-64,From 15 to 64 years,T,Total,HR,Hour,MT,Malta,2021,,41.2,,b,break in time series,,
dataflow,ESTAT:TPS00071(1.0),Hours worked per week of full-time employment,A,Annual,TOTAL,Total,EMP,Employed persons,FT,Full-time,Y15-64,From 15 to 64 years,T,Total,HR,Hour,MT,Malta,2022,,40.9,,,,,
dataflow,ESTAT:TPS00071(1.0),Hours worked per week of full-time employment,A,Annual,TOTAL,Total,EMP,Employed persons,FT,Full-time,Y15-64,From 15 to 64 years,T,Total,HR,Hour,MT,Malta,2023,,40.9,,,,,
dataflow,ESTAT:TPS00071(1.0),Hours worked per week of full-time employment,A,Annual,TOTAL,Total,EMP,Employed persons,FT,Full-time,Y15-64,From 15 to 64 years,T,Total,HR,Hour,MT,Malta,2024,,41.0,,,,,
dataflow,ESTAT:TPS00071(1.0),Hours worked per week of full-time employment,A,Annual,TOTAL,Total,EMP,Employed persons,FT,Full-time,Y15-64,From 15 to 64 years,T,Total,HR,Hour,NL,Netherlands,2013,,40.7,,b,break in time series,,
dataflow,ESTAT:TPS00071(1.0),Hours worked per week of full-time employment,A,Annual,TOTAL,Total,EMP,Employed persons,FT,Full-time,Y15-64,From 15 to 64 years,T,Total,HR,Hour,NL,Netherlands,2014,,40.9,,,,,
dataflow,ESTAT:TPS00071(1.0),Hours worked per week of full-time employment,A,Annual,TOTAL,Total,EMP,Employed persons,FT,Full-time,Y15-64,From 15 to 64 years,T,Total,HR,Hour,NL,Netherlands,2015,,40.8,,,,,
dataflow,ESTAT:TPS00071(1.0),Hours worked per week of full-time employment,A,Annual,TOTAL,Total,EMP,Employed persons,FT,Full-time,Y15-64,From 15 to 64 years,T,Total,HR,Hour,NL,Netherlands,2016,,40.9,,,,,
dataflow,ESTAT:TPS00071(1.0),Hours worked per week of full-time employment,A,Annual,TOTAL,Total,EMP,Employed persons,FT,Full-time,Y15-64,From 15 to 64 years,T,Total,HR,Hour,NL,Netherlands,2017,,40.8,,,,,
dataflow,ESTAT:TPS00071(1.0),Hours worked per week of full-time employment,A,Annual,TOTAL,Total,EMP,Employed persons,FT,Full-time,Y15-64,From 15 to 64 years,T,Total,HR,Hour,NL,Netherlands,2018,,40.8,,,,,
dataflow,ESTAT:TPS00071(1.0),Hours worked per week of full-time employment,A,Annual,TOTAL,Total,EMP,Employed persons,FT,Full-time,Y15-64,From 15 to 64 years,T,Total,HR,Hour,NL,Netherlands,2019,,40.7,,,,,
dataflow,ESTAT:TPS00071(1.0),Hours worked per week of full-time employment,A,Annual,TOTAL,Total,EMP,Employed persons,FT,Full-time,Y15-64,From 15 to 64 years,T,Total,HR,Hour,NL,Netherlands,2020,,40.4,,,,,
dataflow,ESTAT:TPS00071(1.0),Hours worked per week of full-time employment,A,Annual,TOTAL,Total,EMP,Employed persons,FT,Full-time,Y15-64,From 15 to 64 years,T,Total,HR,Hour,NL,Netherlands,2021,,39.4,,b,break in time series,,
dataflow,ESTAT:TPS00071(1.0),Hours worked per week of full-time employment,A,Annual,TOTAL,Total,EMP,Employed persons,FT,Full-time,Y15-64,From 15 to 64 years,T,Total,HR,Hour,NL,Netherlands,2022,,39.4,,,,,
dataflow,ESTAT:TPS00071(1.0),Hours worked per week of full-time employment,A,Annual,TOTAL,Total,EMP,Employed persons,FT,Full-time,Y15-64,From 15 to 64 years,T,Total,HR,Hour,NL,Netherlands,2023,,39.3,,,,,
dataflow,ESTAT:TPS00071(1.0),Hours worked per week of full-time employment,A,Annual,TOTAL,Total,EMP,Employed persons,FT,Full-time,Y15-64,From 15 to 64 years,T,Total,HR,Hour,NL,Netherlands,2024,,39.1,,,,,
dataflow,ESTAT:TPS00071(1.0),Hours worked per week of full-time employment,A,Annual,TOTAL,Total,EMP,Employed persons,FT,Full-time,Y15-64,From 15 to 64 years,T,Total,HR,Hour,NO,Norway,2013,,39.0,,,,,
dataflow,ESTAT:TPS00071(1.0),Hours worked per week of full-time employment,A,Annual,TOTAL,Total,EMP,Employed persons,FT,Full-time,Y15-64,From 15 to 64 years,T,Total,HR,Hour,NO,Norway,2014,,39.1,,,,,
dataflow,ESTAT:TPS00071(1.0),Hours worked per week of full-time employment,A,Annual,TOTAL,Total,EMP,Employed persons,FT,Full-time,Y15-64,From 15 to 64 years,T,Total,HR,Hour,NO,Norway,2015,,38.9,,,,,
dataflow,ESTAT:TPS00071(1.0),Hours worked per week of full-time employment,A,Annual,TOTAL,Total,EMP,Employed persons,FT,Full-time,Y15-64,From 15 to 64 years,T,Total,HR,Hour,NO,Norway,2016,,38.9,,,,,
dataflow,ESTAT:TPS00071(1.0),Hours worked per week of full-time employment,A,Annual,TOTAL,Total,EMP,Employed persons,FT,Full-time,Y15-64,From 15 to 64 years,T,Total,HR,Hour,NO,Norway,2017,,38.9,,,,,
dataflow,ESTAT:TPS00071(1.0),Hours worked per week of full-time employment,A,Annual,TOTAL,Total,EMP,Employed persons,FT,Full-time,Y15-64,From 15 to 64 years,T,Total,HR,Hour,NO,Norway,2018,,38.9,,,,,
dataflow,ESTAT:TPS00071(1.0),Hours worked per week of full-time employment,A,Annual,TOTAL,Total,EMP,Employed persons,FT,Full-time,Y15-64,From 15 to 64 years,T,Total,HR,Hour,NO,Norway,2019,,38.8,,,,,
dataflow,ESTAT:TPS00071(1.0),Hours worked per week of full-time employment,A,Annual,TOTAL,Total,EMP,Employed persons,FT,Full-time,Y15-64,From 15 to 64 years,T,Total,HR,Hour,NO,Norway,2020,,38.7,,,,,
dataflow,ESTAT:TPS00071(1.0),Hours worked per week of full-time employment,A,Annual,TOTAL,Total,EMP,Employed persons,FT,Full-time,Y15-64,From 15 to 64 years,T,Total,HR,Hour,NO,Norway,2021,,39.5,,b,break in time series,,
dataflow,ESTAT:TPS00071(1.0),Hours worked per week of full-time employment,A,Annual,TOTAL,Total,EMP,Employed persons,FT,Full-time,Y15-64,From 15 to 64 years,T,Total,HR,Hour,NO,Norway,2022,,39.7,,,,,
dataflow,ESTAT:TPS00071(1.0),Hours worked per week of full-time employment,A,Annual,TOTAL,Total,EMP,Employed persons,FT,Full-time,Y15-64,From 15 to 64 years,T,Total,HR,Hour,NO,Norway,2023,,39.8,,,,,
dataflow,ESTAT:TPS00071(1.0),Hours worked per week of full-time employment,A,Annual,TOTAL,Total,EMP,Employed persons,FT,Full-time,Y15-64,From 15 to 64 years,T,Total,HR,Hour,NO,Norway,2024,,39.8,,,,,
dataflow,ESTAT:TPS00071(1.0),Hours worked per week of full-time employment,A,Annual,TOTAL,Total,EMP,Employed persons,FT,Full-time,Y15-64,From 15 to 64 years,T,Total,HR,Hour,PL,Poland,2013,,42.3,,,,,
dataflow,ESTAT:TPS00071(1.0),Hours worked per week of full-time employment,A,Annual,TOTAL,Total,EMP,Employed persons,FT,Full-time,Y15-64,From 15 to 64 years,T,Total,HR,Hour,PL,Poland,2014,,42.4,,,,,
dataflow,ESTAT:TPS00071(1.0),Hours worked per week of full-time employment,A,Annual,TOTAL,Total,EMP,Employed persons,FT,Full-time,Y15-64,From 15 to 64 years,T,Total,HR,Hour,PL,Poland,2015,,42.2,,,,,
dataflow,ESTAT:TPS00071(1.0),Hours worked per week of full-time employment,A,Annual,TOTAL,Total,EMP,Employed persons,FT,Full-time,Y15-64,From 15 to 64 years,T,Total,HR,Hour,PL,Poland,2016,,42.1,,,,,
dataflow,ESTAT:TPS00071(1.0),Hours worked per week of full-time employment,A,Annual,TOTAL,Total,EMP,Employed persons,FT,Full-time,Y15-64,From 15 to 64 years,T,Total,HR,Hour,PL,Poland,2017,,41.9,,,,,
dataflow,ESTAT:TPS00071(1.0),Hours worked per week of full-time employment,A,Annual,TOTAL,Total,EMP,Employed persons,FT,Full-time,Y15-64,From 15 to 64 years,T,Total,HR,Hour,PL,Poland,2018,,41.8,,,,,
dataflow,ESTAT:TPS00071(1.0),Hours worked per week of full-time employment,A,Annual,TOTAL,Total,EMP,Employed persons,FT,Full-time,Y15-64,From 15 to 64 years,T,Total,HR,Hour,PL,Poland,2019,,41.7,,b,break in time series,,
dataflow,ESTAT:TPS00071(1.0),Hours worked per week of full-time employment,A,Annual,TOTAL,Total,EMP,Employed persons,FT,Full-time,Y15-64,From 15 to 64 years,T,Total,HR,Hour,PL,Poland,2020,,41.4,,,,,
dataflow,ESTAT:TPS00071(1.0),Hours worked per week of full-time employment,A,Annual,TOTAL,Total,EMP,Employed persons,FT,Full-time,Y15-64,From 15 to 64 years,T,Total,HR,Hour,PL,Poland,2021,,41.3,,b,break in time series,,
dataflow,ESTAT:TPS00071(1.0),Hours worked per week of full-time employment,A,Annual,TOTAL,Total,EMP,Employed persons,FT,Full-time,Y15-64,From 15 to 64 years,T,Total,HR,Hour,PL,Poland,2022,,41.3,,,,,
dataflow,ESTAT:TPS00071(1.0),Hours worked per week of full-time employment,A,Annual,TOTAL,Total,EMP,Employed persons,FT,Full-time,Y15-64,From 15 to 64 years,T,Total,HR,Hour,PL,Poland,2023,,41.2,,,,,
dataflow,ESTAT:TPS00071(1.0),Hours worked per week of full-time employment,A,Annual,TOTAL,Total,EMP,Employed persons,FT,Full-time,Y15-64,From 15 to 64 years,T,Total,HR,Hour,PL,Poland,2024,,41.1,,,,,
dataflow,ESTAT:TPS00071(1.0),Hours worked per week of full-time employment,A,Annual,TOTAL,Total,EMP,Employed persons,FT,Full-time,Y15-64,From 15 to 64 years,T,Total,HR,Hour,PT,Portugal,2013,,42.6,,,,,
dataflow,ESTAT:TPS00071(1.0),Hours worked per week of full-time employment,A,Annual,TOTAL,Total,EMP,Employed persons,FT,Full-time,Y15-64,From 15 to 64 years,T,Total,HR,Hour,PT,Portugal,2014,,42.7,,,,,
dataflow,ESTAT:TPS00071(1.0),Hours worked per week of full-time employment,A,Annual,TOTAL,Total,EMP,Employed persons,FT,Full-time,Y15-64,From 15 to 64 years,T,Total,HR,Hour,PT,Portugal,2015,,42.3,,,,,
dataflow,ESTAT:TPS00071(1.0),Hours worked per week of full-time employment,A,Annual,TOTAL,Total,EMP,Employed persons,FT,Full-time,Y15-64,From 15 to 64 years,T,Total,HR,Hour,PT,Portugal,2016,,42.0,,,,,
dataflow,ESTAT:TPS00071(1.0),Hours worked per week of full-time employment,A,Annual,TOTAL,Total,EMP,Employed persons,FT,Full-time,Y15-64,From 15 to 64 years,T,Total,HR,Hour,PT,Portugal,2017,,41.9,,,,,
dataflow,ESTAT:TPS00071(1.0),Hours worked per week of full-time employment,A,Annual,TOTAL,Total,EMP,Employed persons,FT,Full-time,Y15-64,From 15 to 64 years,T,Total,HR,Hour,PT,Portugal,2018,,41.7,,,,,
dataflow,ESTAT:TPS00071(1.0),Hours worked per week of full-time employment,A,Annual,TOTAL,Total,EMP,Employed persons,FT,Full-time,Y15-64,From 15 to 64 years,T,Total,HR,Hour,PT,Portugal,2019,,41.7,,,,,
dataflow,ESTAT:TPS00071(1.0),Hours worked per week of full-time employment,A,Annual,TOTAL,Total,EMP,Employed persons,FT,Full-time,Y15-64,From 15 to 64 years,T,Total,HR,Hour,PT,Portugal,2020,,41.2,,,,,
dataflow,ESTAT:TPS00071(1.0),Hours worked per week of full-time employment,A,Annual,TOTAL,Total,EMP,Employed persons,FT,Full-time,Y15-64,From 15 to 64 years,T,Total,HR,Hour,PT,Portugal,2021,,41.3,,b,break in time series,,
dataflow,ESTAT:TPS00071(1.0),Hours worked per week of full-time employment,A,Annual,TOTAL,Total,EMP,Employed persons,FT,Full-time,Y15-64,From 15 to 64 years,T,Total,HR,Hour,PT,Portugal,2022,,41.3,,,,,
dataflow,ESTAT:TPS00071(1.0),Hours worked per week of full-time employment,A,Annual,TOTAL,Total,EMP,Employed persons,FT,Full-time,Y15-64,From 15 to 64 years,T,Total,HR,Hour,PT,Portugal,2023,,41.3,,,,,
dataflow,ESTAT:TPS00071(1.0),Hours worked per week of full-time employment,A,Annual,TOTAL,Total,EMP,Employed persons,FT,Full-time,Y15-64,From 15 to 64 years,T,Total,HR,Hour,PT,Portugal,2024,,41.2,,,,,
dataflow,ESTAT:TPS00071(1.0),Hours worked per week of full-time employment,A,Annual,TOTAL,Total,EMP,Employed persons,FT,Full-time,Y15-64,From 15 to 64 years,T,Total,HR,Hour,RO,Romania,2013,,40.6,,,,,
dataflow,ESTAT:TPS00071(1.0),Hours worked per week of full-time employment,A,Annual,TOTAL,Total,EMP,Employed persons,FT,Full-time,Y15-64,From 15 to 64 years,T,Total,HR,Hour,RO,Romania,2014,,40.6,,,,,
dataflow,ESTAT:TPS00071(1.0),Hours worked per week of full-time employment,A,Annual,TOTAL,Total,EMP,Employed persons,FT,Full-time,Y15-64,From 15 to 64 years,T,Total,HR,Hour,RO,Romania,2015,,40.5,,,,,
dataflow,ESTAT:TPS00071(1.0),Hours worked per week of full-time employment,A,Annual,TOTAL,Total,EMP,Employed persons,FT,Full-time,Y15-64,From 15 to 64 years,T,Total,HR,Hour,RO,Romania,2016,,40.5,,,,,
dataflow,ESTAT:TPS00071(1.0),Hours worked per week of full-time employment,A,Annual,TOTAL,Total,EMP,Employed persons,FT,Full-time,Y15-64,From 15 to 64 years,T,Total,HR,Hour,RO,Romania,2017,,40.4,,,,,
dataflow,ESTAT:TPS00071(1.0),Hours worked per week of full-time employment,A,Annual,TOTAL,Total,EMP,Employed persons,FT,Full-time,Y15-64,From 15 to 64 years,T,Total,HR,Hour,RO,Romania,2018,,40.3,,,,,
dataflow,ESTAT:TPS00071(1.0),Hours worked per week of full-time employment,A,Annual,TOTAL,Total,EMP,Employed persons,FT,Full-time,Y15-64,From 15 to 64 years,T,Total,HR,Hour,RO,Romania,2019,,40.4,,,,,
dataflow,ESTAT:TPS00071(1.0),Hours worked per week of full-time employment,A,Annual,TOTAL,Total,EMP,Employed persons,FT,Full-time,Y15-64,From 15 to 64 years,T,Total,HR,Hour,RO,Romania,2020,,40.3,,,,,
dataflow,ESTAT:TPS00071(1.0),Hours worked per week of full-time employment,A,Annual,TOTAL,Total,EMP,Employed persons,FT,Full-time,Y15-64,From 15 to 64 years,T,Total,HR,Hour,RO,Romania,2021,,40.5,,b,break in time series,,
dataflow,ESTAT:TPS00071(1.0),Hours worked per week of full-time employment,A,Annual,TOTAL,Total,EMP,Employed persons,FT,Full-time,Y15-64,From 15 to 64 years,T,Total,HR,Hour,RO,Romania,2022,,40.5,,,,,
dataflow,ESTAT:TPS00071(1.0),Hours worked per week of full-time employment,A,Annual,TOTAL,Total,EMP,Employed persons,FT,Full-time,Y15-64,From 15 to 64 years,T,Total,HR,Hour,RO,Romania,2023,,40.4,,,,,
dataflow,ESTAT:TPS00071(1.0),Hours worked per week of full-time employment,A,Annual,TOTAL,Total,EMP,Employed persons,FT,Full-time,Y15-64,From 15 to 64 years,T,Total,HR,Hour,RO,Romania,2024,,40.3,,,,,
dataflow,ESTAT:TPS00071(1.0),Hours worked per week of full-time employment,A,Annual,TOTAL,Total,EMP,Employed persons,FT,Full-time,Y15-64,From 15 to 64 years,T,Total,HR,Hour,RS,Serbia,2013,,44.8,,,,,
dataflow,ESTAT:TPS00071(1.0),Hours worked per week of full-time employment,A,Annual,TOTAL,Total,EMP,Employed persons,FT,Full-time,Y15-64,From 15 to 64 years,T,Total,HR,Hour,RS,Serbia,2014,,44.7,,b,break in time series,,
dataflow,ESTAT:TPS00071(1.0),Hours worked per week of full-time employment,A,Annual,TOTAL,Total,EMP,Employed persons,FT,Full-time,Y15-64,From 15 to 64 years,T,Total,HR,Hour,RS,Serbia,2015,,44.8,,,,,
dataflow,ESTAT:TPS00071(1.0),Hours worked per week of full-time employment,A,Annual,TOTAL,Total,EMP,Employed persons,FT,Full-time,Y15-64,From 15 to 64 years,T,Total,HR,Hour,RS,Serbia,2016,,44.3,,,,,
dataflow,ESTAT:TPS00071(1.0),Hours worked per week of full-time employment,A,Annual,TOTAL,Total,EMP,Employed persons,FT,Full-time,Y15-64,From 15 to 64 years,T,Total,HR,Hour,RS,Serbia,2017,,44.0,,,,,
dataflow,ESTAT:TPS00071(1.0),Hours worked per week of full-time employment,A,Annual,TOTAL,Total,EMP,Employed persons,FT,Full-time,Y15-64,From 15 to 64 years,T,Total,HR,Hour,RS,Serbia,2018,,43.9,,,,,
dataflow,ESTAT:TPS00071(1.0),Hours worked per week of full-time employment,A,Annual,TOTAL,Total,EMP,Employed persons,FT,Full-time,Y15-64,From 15 to 64 years,T,Total,HR,Hour,RS,Serbia,2019,,43.7,,,,,
dataflow,ESTAT:TPS00071(1.0),Hours worked per week of full-time employment,A,Annual,TOTAL,Total,EMP,Employed persons,FT,Full-time,Y15-64,From 15 to 64 years,T,Total,HR,Hour,RS,Serbia,2020,,44.3,,,,,
dataflow,ESTAT:TPS00071(1.0),Hours worked per week of full-time employment,A,Annual,TOTAL,Total,EMP,Employed persons,FT,Full-time,Y15-64,From 15 to 64 years,T,Total,HR,Hour,RS,Serbia,2021,,44.1,,b,break in time series,,
dataflow,ESTAT:TPS00071(1.0),Hours worked per week of full-time employment,A,Annual,TOTAL,Total,EMP,Employed persons,FT,Full-time,Y15-64,From 15 to 64 years,T,Total,HR,Hour,RS,Serbia,2022,,43.9,,,,,
dataflow,ESTAT:TPS00071(1.0),Hours worked per week of full-time employment,A,Annual,TOTAL,Total,EMP,Employed persons,FT,Full-time,Y15-64,From 15 to 64 years,T,Total,HR,Hour,RS,Serbia,2023,,43.3,,,,,
dataflow,ESTAT:TPS00071(1.0),Hours worked per week of full-time employment,A,Annual,TOTAL,Total,EMP,Employed persons,FT,Full-time,Y15-64,From 15 to 64 years,T,Total,HR,Hour,RS,Serbia,2024,,42.8,,,,,
dataflow,ESTAT:TPS00071(1.0),Hours worked per week of full-time employment,A,Annual,TOTAL,Total,EMP,Employed persons,FT,Full-time,Y15-64,From 15 to 64 years,T,Total,HR,Hour,SE,Sweden,2013,,40.8,,,,,
dataflow,ESTAT:TPS00071(1.0),Hours worked per week of full-time employment,A,Annual,TOTAL,Total,EMP,Employed persons,FT,Full-time,Y15-64,From 15 to 64 years,T,Total,HR,Hour,SE,Sweden,2014,,40.7,,,,,
dataflow,ESTAT:TPS00071(1.0),Hours worked per week of full-time employment,A,Annual,TOTAL,Total,EMP,Employed persons,FT,Full-time,Y15-64,From 15 to 64 years,T,Total,HR,Hour,SE,Sweden,2015,,40.7,,,,,
dataflow,ESTAT:TPS00071(1.0),Hours worked per week of full-time employment,A,Annual,TOTAL,Total,EMP,Employed persons,FT,Full-time,Y15-64,From 15 to 64 years,T,Total,HR,Hour,SE,Sweden,2016,,40.7,,,,,
dataflow,ESTAT:TPS00071(1.0),Hours worked per week of full-time employment,A,Annual,TOTAL,Total,EMP,Employed persons,FT,Full-time,Y15-64,From 15 to 64 years,T,Total,HR,Hour,SE,Sweden,2017,,40.6,,,,,
dataflow,ESTAT:TPS00071(1.0),Hours worked per week of full-time employment,A,Annual,TOTAL,Total,EMP,Employed persons,FT,Full-time,Y15-64,From 15 to 64 years,T,Total,HR,Hour,SE,Sweden,2018,,40.6,,b,break in time series,,
dataflow,ESTAT:TPS00071(1.0),Hours worked per week of full-time employment,A,Annual,TOTAL,Total,EMP,Employed persons,FT,Full-time,Y15-64,From 15 to 64 years,T,Total,HR,Hour,SE,Sweden,2019,,40.6,,,,,
dataflow,ESTAT:TPS00071(1.0),Hours worked per week of full-time employment,A,Annual,TOTAL,Total,EMP,Employed persons,FT,Full-time,Y15-64,From 15 to 64 years,T,Total,HR,Hour,SE,Sweden,2020,,40.4,,,,,
dataflow,ESTAT:TPS00071(1.0),Hours worked per week of full-time employment,A,Annual,TOTAL,Total,EMP,Employed persons,FT,Full-time,Y15-64,From 15 to 64 years,T,Total,HR,Hour,SE,Sweden,2021,,41.6,,b,break in time series,,
dataflow,ESTAT:TPS00071(1.0),Hours worked per week of full-time employment,A,Annual,TOTAL,Total,EMP,Employed persons,FT,Full-time,Y15-64,From 15 to 64 years,T,Total,HR,Hour,SE,Sweden,2022,,41.6,,,,,
dataflow,ESTAT:TPS00071(1.0),Hours worked per week of full-time employment,A,Annual,TOTAL,Total,EMP,Employed persons,FT,Full-time,Y15-64,From 15 to 64 years,T,Total,HR,Hour,SE,Sweden,2023,,41.5,,,,,
dataflow,ESTAT:TPS00071(1.0),Hours worked per week of full-time employment,A,Annual,TOTAL,Total,EMP,Employed persons,FT,Full-time,Y15-64,From 15 to 64 years,T,Total,HR,Hour,SE,Sweden,2024,,41.4,,,,,
dataflow,ESTAT:TPS00071(1.0),Hours worked per week of full-time employment,A,Annual,TOTAL,Total,EMP,Employed persons,FT,Full-time,Y15-64,From 15 to 64 years,T,Total,HR,Hour,SI,Slovenia,2013,,41.8,,,,,
dataflow,ESTAT:TPS00071(1.0),Hours worked per week of full-time employment,A,Annual,TOTAL,Total,EMP,Employed persons,FT,Full-time,Y15-64,From 15 to 64 years,T,Total,HR,Hour,SI,Slovenia,2014,,41.8,,,,,
dataflow,ESTAT:TPS00071(1.0),Hours worked per week of full-time employment,A,Annual,TOTAL,Total,EMP,Employed persons,FT,Full-time,Y15-64,From 15 to 64 years,T,Total,HR,Hour,SI,Slovenia,2015,,41.6,,,,,
dataflow,ESTAT:TPS00071(1.0),Hours worked per week of full-time employment,A,Annual,TOTAL,Total,EMP,Employed persons,FT,Full-time,Y15-64,From 15 to 64 years,T,Total,HR,Hour,SI,Slovenia,2016,,41.4,,,,,
dataflow,ESTAT:TPS00071(1.0),Hours worked per week of full-time employment,A,Annual,TOTAL,Total,EMP,Employed persons,FT,Full-time,Y15-64,From 15 to 64 years,T,Total,HR,Hour,SI,Slovenia,2017,,41.4,,,,,
dataflow,ESTAT:TPS00071(1.0),Hours worked per week of full-time employment,A,Annual,TOTAL,Total,EMP,Employed persons,FT,Full-time,Y15-64,From 15 to 64 years,T,Total,HR,Hour,SI,Slovenia,2018,,41.4,,,,,
dataflow,ESTAT:TPS00071(1.0),Hours worked per week of full-time employment,A,Annual,TOTAL,Total,EMP,Employed persons,FT,Full-time,Y15-64,From 15 to 64 years,T,Total,HR,Hour,SI,Slovenia,2019,,41.4,,,,,
dataflow,ESTAT:TPS00071(1.0),Hours worked per week of full-time employment,A,Annual,TOTAL,Total,EMP,Employed persons,FT,Full-time,Y15-64,From 15 to 64 years,T,Total,HR,Hour,SI,Slovenia,2020,,41.2,,,,,
dataflow,ESTAT:TPS00071(1.0),Hours worked per week of full-time employment,A,Annual,TOTAL,Total,EMP,Employed persons,FT,Full-time,Y15-64,From 15 to 64 years,T,Total,HR,Hour,SI,Slovenia,2021,,41.3,,b,break in time series,,
dataflow,ESTAT:TPS00071(1.0),Hours worked per week of full-time employment,A,Annual,TOTAL,Total,EMP,Employed persons,FT,Full-time,Y15-64,From 15 to 64 years,T,Total,HR,Hour,SI,Slovenia,2022,,41.1,,,,,
dataflow,ESTAT:TPS00071(1.0),Hours worked per week of full-time employment,A,Annual,TOTAL,Total,EMP,Employed persons,FT,Full-time,Y15-64,From 15 to 64 years,T,Total,HR,Hour,SI,Slovenia,2023,,41.1,,,,,
dataflow,ESTAT:TPS00071(1.0),Hours worked per week of full-time employment,A,Annual,TOTAL,Total,EMP,Employed persons,FT,Full-time,Y15-64,From 15 to 64 years,T,Total,HR,Hour,SI,Slovenia,2024,,41.1,,,,,
dataflow,ESTAT:TPS00071(1.0),Hours worked per week of full-time employment,A,Annual,TOTAL,Total,EMP,Employed persons,FT,Full-time,Y15-64,From 15 to 64 years,T,Total,HR,Hour,SK,Slovakia,2013,,41.8,,,,,
dataflow,ESTAT:TPS00071(1.0),Hours worked per week of full-time employment,A,Annual,TOTAL,Total,EMP,Employed persons,FT,Full-time,Y15-64,From 15 to 64 years,T,Total,HR,Hour,SK,Slovakia,2014,,41.7,,,,,
dataflow,ESTAT:TPS00071(1.0),Hours worked per week of full-time employment,A,Annual,TOTAL,Total,EMP,Employed persons,FT,Full-time,Y15-64,From 15 to 64 years,T,Total,HR,Hour,SK,Slovakia,2015,,41.6,,,,,
dataflow,ESTAT:TPS00071(1.0),Hours worked per week of full-time employment,A,Annual,TOTAL,Total,EMP,Employed persons,FT,Full-time,Y15-64,From 15 to 64 years,T,Total,HR,Hour,SK,Slovakia,2016,,41.4,,,,,
dataflow,ESTAT:TPS00071(1.0),Hours worked per week of full-time employment,A,Annual,TOTAL,Total,EMP,Employed persons,FT,Full-time,Y15-64,From 15 to 64 years,T,Total,HR,Hour,SK,Slovakia,2017,,41.2,,,,,
dataflow,ESTAT:TPS00071(1.0),Hours worked per week of full-time employment,A,Annual,TOTAL,Total,EMP,Employed persons,FT,Full-time,Y15-64,From 15 to 64 years,T,Total,HR,Hour,SK,Slovakia,2018,,41.1,,,,,
dataflow,ESTAT:TPS00071(1.0),Hours worked per week of full-time employment,A,Annual,TOTAL,Total,EMP,Employed persons,FT,Full-time,Y15-64,From 15 to 64 years,T,Total,HR,Hour,SK,Slovakia,2019,,41.2,,,,,
dataflow,ESTAT:TPS00071(1.0),Hours worked per week of full-time employment,A,Annual,TOTAL,Total,EMP,Employed persons,FT,Full-time,Y15-64,From 15 to 64 years,T,Total,HR,Hour,SK,Slovakia,2020,,40.9,,,,,
dataflow,ESTAT:TPS00071(1.0),Hours worked per week of full-time employment,A,Annual,TOTAL,Total,EMP,Employed persons,FT,Full-time,Y15-64,From 15 to 64 years,T,Total,HR,Hour,SK,Slovakia,2021,,40.2,,b,break in time series,,
dataflow,ESTAT:TPS00071(1.0),Hours worked per week of full-time employment,A,Annual,TOTAL,Total,EMP,Employed persons,FT,Full-time,Y15-64,From 15 to 64 years,T,Total,HR,Hour,SK,Slovakia,2022,,40.2,,,,,
dataflow,ESTAT:TPS00071(1.0),Hours worked per week of full-time employment,A,Annual,TOTAL,Total,EMP,Employed persons,FT,Full-time,Y15-64,From 15 to 64 years,T,Total,HR,Hour,SK,Slovakia,2023,,40.2,,,,,
dataflow,ESTAT:TPS00071(1.0),Hours worked per week of full-time employment,A,Annual,TOTAL,Total,EMP,Employed persons,FT,Full-time,Y15-64,From 15 to 64 years,T,Total,HR,Hour,SK,Slovakia,2024,,40.3,,,,,
dataflow,ESTAT:TPS00071(1.0),Hours worked per week of full-time employment,A,Annual,TOTAL,Total,EMP,Employed persons,FT,Full-time,Y15-64,From 15 to 64 years,T,Total,HR,Hour,TR,Türkiye,2013,,52.0,,,,,
dataflow,ESTAT:TPS00071(1.0),Hours worked per week of full-time employment,A,Annual,TOTAL,Total,EMP,Employed persons,FT,Full-time,Y15-64,From 15 to 64 years,T,Total,HR,Hour,TR,Türkiye,2014,,51.5,,b,break in time series,,
dataflow,ESTAT:TPS00071(1.0),Hours worked per week of full-time employment,A,Annual,TOTAL,Total,EMP,Employed persons,FT,Full-time,Y15-64,From 15 to 64 years,T,Total,HR,Hour,TR,Türkiye,2015,,50.9,,,,,
dataflow,ESTAT:TPS00071(1.0),Hours worked per week of full-time employment,A,Annual,TOTAL,Total,EMP,Employed persons,FT,Full-time,Y15-64,From 15 to 64 years,T,Total,HR,Hour,TR,Türkiye,2016,,50.0,,,,,
dataflow,ESTAT:TPS00071(1.0),Hours worked per week of full-time employment,A,Annual,TOTAL,Total,EMP,Employed persons,FT,Full-time,Y15-64,From 15 to 64 years,T,Total,HR,Hour,TR,Türkiye,2017,,49.7,,,,,
dataflow,ESTAT:TPS00071(1.0),Hours worked per week of full-time employment,A,Annual,TOTAL,Total,EMP,Employed persons,FT,Full-time,Y15-64,From 15 to 64 years,T,Total,HR,Hour,TR,Türkiye,2018,,49.0,,,,,
dataflow,ESTAT:TPS00071(1.0),Hours worked per week of full-time employment,A,Annual,TOTAL,Total,EMP,Employed persons,FT,Full-time,Y15-64,From 15 to 64 years,T,Total,HR,Hour,TR,Türkiye,2019,,48.5,,,,,
dataflow,ESTAT:TPS00071(1.0),Hours worked per week of full-time employment,A,Annual,TOTAL,Total,EMP,Employed persons,FT,Full-time,Y15-64,From 15 to 64 years,T,Total,HR,Hour,TR,Türkiye,2020,,48.3,,,,,
dataflow,ESTAT:TPS00071(1.0),Hours worked per week of full-time employment,A,Annual,TOTAL,Total,EMP,Employed persons,FT,Full-time,Y15-64,From 15 to 64 years,T,Total,HR,Hour,TR,Türkiye,2021,,48.1,,b,break in time series,,
dataflow,ESTAT:TPS00071(1.0),Hours worked per week of full-time employment,A,Annual,TOTAL,Total,EMP,Employed persons,FT,Full-time,Y15-64,From 15 to 64 years,T,Total,HR,Hour,TR,Türkiye,2022,,47.8,,,,,
dataflow,ESTAT:TPS00071(1.0),Hours worked per week of full-time employment,A,Annual,TOTAL,Total,EMP,Employed persons,FT,Full-time,Y15-64,From 15 to 64 years,T,Total,HR,Hour,TR,Türkiye,2023,,47.7,,,,,
dataflow,ESTAT:TPS00071(1.0),Hours worked per week of full-time employment,A,Annual,TOTAL,Total,EMP,Employed persons,FT,Full-time,Y15-64,From 15 to 64 years,T,Total,HR,Hour,TR,Türkiye,2024,,47.7,,,,,
dataflow,ESTAT:TPS00071(1.0),Hours worked per week of full-time employment,A,Annual,TOTAL,Total,EMP,Employed persons,FT,Full-time,Y15-64,From 15 to 64 years,T,Total,HR,Hour,UK,United Kingdom,2013,,42.8,,,,,
dataflow,ESTAT:TPS00071(1.0),Hours worked per week of full-time employment,A,Annual,TOTAL,Total,EMP,Employed persons,FT,Full-time,Y15-64,From 15 to 64 years,T,Total,HR,Hour,UK,United Kingdom,2014,,42.9,,,,,
dataflow,ESTAT:TPS00071(1.0),Hours worked per week of full-time employment,A,Annual,TOTAL,Total,EMP,Employed persons,FT,Full-time,Y15-64,From 15 to 64 years,T,Total,HR,Hour,UK,United Kingdom,2015,,42.9,,,,,
dataflow,ESTAT:TPS00071(1.0),Hours worked per week of full-time employment,A,Annual,TOTAL,Total,EMP,Employed persons,FT,Full-time,Y15-64,From 15 to 64 years,T,Total,HR,Hour,UK,United Kingdom,2016,,42.8,,,,,
dataflow,ESTAT:TPS00071(1.0),Hours worked per week of full-time employment,A,Annual,TOTAL,Total,EMP,Employed persons,FT,Full-time,Y15-64,From 15 to 64 years,T,Total,HR,Hour,UK,United Kingdom,2017,,42.6,,,,,
dataflow,ESTAT:TPS00071(1.0),Hours worked per week of full-time employment,A,Annual,TOTAL,Total,EMP,Employed persons,FT,Full-time,Y15-64,From 15 to 64 years,T,Total,HR,Hour,UK,United Kingdom,2018,,42.4,,,,,
dataflow,ESTAT:TPS00071(1.0),Hours worked per week of full-time employment,A,Annual,TOTAL,Total,EMP,Employed persons,FT,Full-time,Y15-64,From 15 to 64 years,T,Total,HR,Hour,UK,United Kingdom,2019,,42.5,,,,,
